	OBJECTID	NatlDBNum	ConfCode	SpeciesID	ComName	Genus	Species	County	State	WaterBody	LatAcc	LongAcc	ObsDay	ObsStatus	SpeciesCategory	x	y	spatialReference	Date	lat	lon
0	4190	NE-2018-1199686	Confirmed - Minimum	7	Whale, humpback	Megaptera	novaeangliae	Virginia Beach (City)	VA	Atlantic Ocean	actual	actual	22	Moderate Decomposition	Humpback Whale	-8348961.809495511	4396909.996782087	102100	2018-JAN-22	36.69666700000004	-74.99999999999994
1	10117	NE-2013-1147366	Confirmed - Minimum	7	Whale, humpback	Megaptera	novaeangliae	Eez	VA	Atlantic Ocean	actual	actual	25	Moderate Decomposition	Humpback Whale	-8391931.132941717	4389877.95091604	102100	2013-JAN-25	36.64600000000007	-75.38599999999997
2	14729	NE-2009-1089905	Confirmed - High Report	7	Whale, humpback	Megaptera	novaeangliae	Eez	VA	Atlantic Ocean	actual	actual	17	Moderate Decomposition	Humpback Whale	-8370858.353334552	4394360.31558504	102100	2009-APR-17	36.67830000000004	-75.19669999999996
3	1141	NE-2019-1219059	Confirmed - High Report	7	Whale, humpback	Megaptera	novaeangliae	Virginia Beach (City)	VA	Atlantic Ocean	actual	actual	13	Moderate Decomposition	Humpback Whale	-8438573.999584097	4385963.318073248	102100	2019-MAR-13	36.61778000000003	-75.80499999999994
4	2149	NE-2019-1209072	Confirmed - High Report	7	Whale, humpback	Megaptera	novaeangliae	Virginia Beach (City)	VA	Atlantic Ocean	actual	actual	17	Moderate Decomposition	Humpback Whale	-8449605.761121714	4391584.6358493855	102100	2019-FEB-17	36.65830000000005	-75.90409999999997
5	12645	NE-2011-1130655	Confirmed - High Report	7	Whale, humpback	Megaptera	novaeangliae	Virginia Beach (City)	VA	Atlantic Ocean	actual	actual	15	Alive	Humpback Whale	-8451338.67163489	4397460.631302308	102100	2011-APR-15	36.70063300000004	-75.91966699999995
6	17186	NE-2006-1063341	Confirmed - High Report	7	Whale, humpback	Megaptera	novaeangliae	Virginia Beach (City)	VA	Atlantic Ocean	actual	actual	5	Alive	Humpback Whale	-8453300.455021141	4401558.238975643	102100	2006-AUG-05	36.73014000000006	-75.93728999999996
7	25970	NE-2002-1032676	Unconfirmed	7	Whale, humpback	Megaptera	novaeangliae	Unknown	VA	Atlantic Ocean			24	Moderate Decomposition	Humpback Whale	-8455550.221930075	4411103.71838926	102100	2002-MAR-24	36.798833330000036	-75.95749999999998
8	18237	NE-2006-1056503	Confirmed - High Report	7	Whale, humpback	Megaptera	novaeangliae	Virginia Beach (City)	VA	Atlantic Ocean	actual	actual	17	Moderate Decomposition	Humpback Whale	-8460615.25876117	4416480.522376454	102100	2006-MAR-17	36.83750000000004	-76.00299999999999
9	5520	NE-2017-1194525	Confirmed - High Report	7	Whale, humpback	Megaptera	novaeangliae	Virginia Beach (City)	VA	Atlantic Ocean	actual	actual	5	Alive	Humpback Whale	-8442741.022082964	4419540.951417206	102100	2017-JAN-05	36.85950000000001	-75.84243299999997
10	867	NE-2019-1220192	Confirmed - High Report	7	Whale, humpback	Megaptera	novaeangliae	Virginia Beach (City)	VA	Atlantic Ocean	estimate	estimate	29	Moderate Decomposition	Humpback Whale	-8458363.822059872	4422807.957585758	102100	2019-OCT-29	36.88297800000004	-75.98277499999995
11	23408	NE-2002-1035308	Unconfirmed	7	Whale, humpback	Megaptera	novaeangliae	Unknown	VA	Atlantic Ocean	estimate	estimate	30	Advanced Decomposition	Humpback Whale	-8459056.785890063	4423924.4636219535	102100	2002-OCT-30	36.891000000000076	-75.98899999999999
12	10060	NE-2013-1147909	Confirmed - High Report	7	Whale, humpback	Megaptera	novaeangliae	Virginia Beach (City)	VA	Atlantic Ocean	actual	actual	3	Moderate Decomposition	Humpback Whale	-8437553.533811998	4428492.19797049	102100	2013-APR-03	36.92381000000006	-75.79583299999996
13	6503	NE-2016-1181315	Confirmed - Medium Report	7	Whale, humpback	Megaptera	novaeangliae	Virginia Beach (City)	VA	Atlantic Ocean	actual	actual	15	Moderate Decomposition	Humpback Whale	-8423258.330082284	4428158.983468294	102100	2016-JAN-15	36.92141700000007	-75.66741699999993
14	5328	NE-2017-1196514	Confirmed - Medium Report	7	Whale, humpback	Megaptera	novaeangliae	Eez	VA	Atlantic Ocean	actual	actual	17	Advanced Decomposition	Humpback Whale	-8397380.222016048	4421338.251083068	102100	2017-MAY-17	36.87241700000005	-75.43494999999996
15	9883	NE-2013-1148607	Confirmed - Medium Report	7	Whale, humpback	Megaptera	novaeangliae	Eez	VA	Atlantic Ocean	actual	actual	10	Moderate Decomposition	Humpback Whale	-8360048.117583618	4435649.157179111	102100	2013-APR-10	36.975190000000055	-75.09958999999998
16	6508	NE-2015-1202026	Confirmed - Medium Report	7	Whale, humpback	Megaptera	novaeangliae	Eez	VA	Atlantic Ocean	actual	actual	29	Advanced Decomposition	Humpback Whale	-8340264.083721362	4447446.812097904	102100	2015-MAY-29	37.05981000000003	-74.92186699999995
17	6504	NE-2016-1181314	Confirmed - High Report	7	Whale, humpback	Megaptera	novaeangliae	Virginia Beach (City)	VA	Atlantic Ocean	actual	actual	14	Alive	Humpback Whale	-8460288.75869467	4431373.623790504	102100	2016-JAN-14	36.94450000000006	-76.00006699999996
18	5503	NE-2017-1194829	Confirmed - High Report	7	Whale, humpback	Megaptera	novaeangliae	Virginia Beach (City)	VA	Atlantic Ocean	actual	actual	11	Moderate Decomposition	Humpback Whale	-8463625.003833741	4432044.443960349	102100	2017-FEB-11	36.94931600000007	-76.03003699999992
19	4313	NE-2017-1203370	Confirmed - High Report	7	Whale, humpback	Megaptera	novaeangliae	Virginia Beach (City)	VA	Chesapeake Bay	estimate	estimate	26	Fresh Dead	Humpback Whale	-8469223.149706246	4426999.567613949	102100	2017-NOV-26	36.91309000000006	-76.08032599999994
20	22891	NE-2002-1082593	Confirmed - High Report	7	Whale, humpback	Megaptera	novaeangliae	Virginia Beach (City)	VA	Atlantic Ocean	actual		8	Moderate Decomposition	Humpback Whale	-8469836.186142048	4432371.929926056	102100	2002-FEB-08	36.95166700000004	-76.08583299999998
21	21945	NE-2003-1069753	Confirmed - High Report	7	Whale, humpback	Megaptera	novaeangliae	None	VA	Atlantic Ocean	estimate	estimate	6	Moderate Decomposition	Humpback Whale	-8468930.824723423	4438618.943614863	102100	2003-JUN-06	36.996500000000026	-76.07769999999994
22	5455	NE-2017-1195146	Confirmed - High Report	7	Whale, humpback	Megaptera	novaeangliae	Hampton (City)	VA	Atlantic Ocean	estimate	estimate	2	Moderate Decomposition	Humpback Whale	-8495680.898361051	4438981.339599553	102100	2017-FEB-02	36.999100000000055	-76.31799999999998
23	3569	NE-2018-1205657	Confirmed - Medium Report	7	Whale, humpback	Megaptera	novaeangliae	Northampton	VA	Chesapeake Bay	actual	actual	28	Alive	Humpback Whale	-8464787.84723457	4443138.210961166	102100	2018-JUL-28	37.02891700000003	-76.04048299999994
24	516	NE-2020-1222526	Confirmed - Medium Report	7	Whale, humpback	Megaptera	novaeangliae	Northampton	VA	Atlantic Ocean	actual	actual	4	Moderate Decomposition	Humpback Whale	-8453627.400365598	4451287.998681176	102100	2020-FEB-04	37.087341000000045	-75.94022699999994
25	3849	NE-2018-1203378	Confirmed - High Report	7	Whale, humpback	Megaptera	novaeangliae	Northampton	VA	Chesapeake Bay	estimate	estimate	7	Moderate Decomposition	Humpback Whale	-8456872.252202732	4456428.784993617	102100	2018-JAN-07	37.124171000000054	-75.96937599999994
26	5370	NE-2017-1196270	Confirmed - High Report	7	Whale, humpback	Megaptera	novaeangliae	Northampton	VA	Atlantic Ocean	actual	actual	5	Moderate Decomposition	Humpback Whale	-8468546.772480186	4454866.882902308	102100	2017-FEB-05	37.112983000000035	-76.07424999999995
27	1142	NE-2019-1219058	Confirmed - High Report	7	Whale, humpback	Megaptera	novaeangliae	Northampton	VA	Atlantic Ocean	estimate	estimate	14	Moderate Decomposition	Humpback Whale	-8441187.447269453	4467167.737994574	102100	2019-APR-14	37.201050000000066	-75.82847699999996
28	13475	NE-2010-1119473	Confirmed - High Report	7	Whale, humpback	Megaptera	novaeangliae	Northampton	VA	Atlantic Ocean	actual	actual	5	Alive	Humpback Whale	-8464787.84723457	4466572.807043163	102100	2010-MAY-05	37.196793000000056	-76.04048299999994
29	9253	NE-2013-1151330	Confirmed - High Report	7	Whale, humpback	Megaptera	novaeangliae	York	VA	Atlantic Ocean	actual	actual	13	Moderate Decomposition	Humpback Whale	-8502737.329562942	4467409.241739145	102100	2013-SEP-13	37.20277800000007	-76.38138899999994
30	14363	NE-2009-1100481	Confirmed - High Report	7	Whale, humpback	Megaptera	novaeangliae	Gloucester	VA	Atlantic Ocean	actual	actual	26	Moderate Decomposition	Humpback Whale	-8506473.322993457	4476100.628342854	102100	2009-SEP-26	37.26494000000003	-76.41494999999998
31	5504	NE-2017-1194827	Confirmed - High Report	7	Whale, humpback	Megaptera	novaeangliae	Northampton	VA	Atlantic Ocean	actual	actual	24	Advanced Decomposition	Humpback Whale	-8462021.22392989	4479828.983464212	102100	2017-JAN-24	37.29159000000003	-76.01562999999999
32	517	NE-2020-1222525	Confirmed - Minimum	7	Whale, humpback	Megaptera	novaeangliae	Northampton	VA	Atlantic Ocean	actual	actual	5	Moderate Decomposition	Humpback Whale	-8417757.254805755	4492907.55348815	102100	2020-FEB-05	37.38500000000005	-75.61799999999994
33	7319	NE-2015-1172531	Confirmed - High Report	7	Whale, humpback	Megaptera	novaeangliae	Northampton	VA	Atlantic Ocean	actual	actual	1	Advanced Decomposition	Humpback Whale	-8426738.511322958	4495007.857349456	102100	2015-MAY-01	37.399990000000045	-75.69867999999995
34	2067	NE-2019-1210244	Confirmed - High Report	7	Whale, humpback	Megaptera	novaeangliae	Accomack	VA	Atlantic Ocean	actual	actual	15	Moderate Decomposition	Humpback Whale	-8424453.122176971	4507053.13625376	102100	2019-MAR-15	37.48590000000008	-75.67814999999995
35	24360	NE-2000-1038319	Unconfirmed	7	Whale, humpback	Megaptera	novaeangliae	Accomack	VA	Atlantic Ocean	estimate	estimate	22	Moderate Decomposition	Humpback Whale	-8415753.503971478	4509031.39307666	102100	2001-MAY-30	37.50000000000005	-75.59999999999997
36	16616	NE-2007-1067305	Confirmed - High Report	7	Whale, humpback	Megaptera	novaeangliae	Eez	VA	Atlantic Ocean	estimate	estimate	10	Advanced Decomposition	Humpback Whale	-8400140.945387725	4524544.056676139	102100	2007-MAY-10	37.61047400000008	-75.45974999999999
37	5760	NE-2016-1192967	Confirmed - Medium Report	7	Whale, humpback	Megaptera	novaeangliae	Northumberland	VA	Atlantic Ocean	actual	actual	11	Fresh Dead	Humpback Whale	-8473979.831547845	4529123.590749834	102100	2016-DEC-11	37.64305600000005	-76.12305599999996
38	379	NE-2020-1223840	Confirmed - High Report	7	Whale, humpback	Megaptera	novaeangliae	Accomack	VA	Atlantic Ocean	actual	actual	28	Moderate Decomposition	Humpback Whale	-8477389.213592367	4531895.027996736	102100	2020-JAN-28	37.66276700000003	-76.15368299999994
39	3659	NE-2018-1204702	Confirmed - Medium Report	7	Whale, humpback	Megaptera	novaeangliae	Accomack	VA	Atlantic Ocean	actual	actual	31	Mummified/Skeletal	Humpback Whale	-8408647.980874144	4542078.797454728	102100	2018-MAY-31	37.73515100000002	-75.53616999999997
40	19481	NE-2005-1046727	Confirmed - High Report	7	Whale, humpback	Megaptera	novaeangliae	Accomack	VA	Atlantic Ocean	actual	actual	1	Advanced Decomposition	Humpback Whale	-8409077.674108604	4546241.750077112	102100	2005-JUL-01	37.76472000000007	-75.54002999999994
41	16101	NE-2007-1073363	Unconfirmed	7	Whale, humpback	Megaptera	novaeangliae	Unknown	EZ	Atlantic Ocean	actual	actual	4	Moderate Decomposition	Humpback Whale	-8398045.912570992	4548182.3736233795	102100	2007-OCT-04	37.77850000000006	-75.44092999999997
42	5486	NE-2017-1195008	Confirmed - High Report	7	Whale, humpback	Megaptera	novaeangliae	Accomack	VA	Atlantic Ocean	actual	actual	25	Advanced Decomposition	Humpback Whale	-8390324.458731098	4559289.8984545395	102100	2017-FEB-25	37.85732300000007	-75.37156699999996
43	3851	NE-2018-1203376	Confirmed - High Report	7	Whale, humpback	Megaptera	novaeangliae	Accomack	VA	Atlantic Ocean	estimate	estimate	11	Moderate Decomposition	Humpback Whale	-8392711.705211157	4558702.116961237	102100	2018-FEB-11	37.853154000000075	-75.39301199999993
44	10899	NE-2012-1145284	Confirmed - High Report	7	Whale, humpback	Megaptera	novaeangliae	Accomack	VA	Atlantic Ocean	actual	actual	26	Alive	Humpback Whale	-8397199.884440962	4560742.646662562	102100	2012-SEP-26	37.86762600000004	-75.43332999999996
45	14763	NE-2009-1089035	Confirmed - High Report	7	Whale, humpback	Megaptera	novaeangliae	Accomack	VA	Atlantic Ocean	actual	actual	20	Advanced Decomposition	Humpback Whale	-8378853.319163323	4578614.975111682	102100	2009-MAR-20	37.99426000000004	-75.26851999999997
46	25933	NE-2000-1033736	Unconfirmed	7	Whale, humpback	Megaptera	novaeangliae	Worcester	MD	Atlantic Ocean			23	Advanced Decomposition	Humpback Whale	-8374787.931359554	4585266.472763852	102100	2000-SEP-23	38.04133333000004	-75.23199999999996
47	5502	NE-2017-1194862	Confirmed - Medium Report	7	Whale, humpback	Megaptera	novaeangliae	Worcester	MD	Atlantic Ocean	actual	actual	20	Moderate Decomposition	Humpback Whale	-8346011.84298949	4590167.634128227	102100	2017-FEB-20	38.076000000000086	-74.97349999999994
48	14845	NE-2009-1088325	Confirmed - High Report	7	Whale, humpback	Megaptera	novaeangliae	Worcester	MD	Atlantic Ocean	actual	actual	7	Moderate Decomposition	Humpback Whale	-8368183.34597079	4599955.227231143	102100	2009-MAR-07	38.14518000000003	-75.17266999999998
49	16071	NE-2007-1074315	Confirmed - High Report	7	Whale, humpback	Megaptera	novaeangliae	Worcester	MD	Atlantic Ocean	actual	actual	21	Advanced Decomposition	Humpback Whale	-8366998.659459478	4604208.493342849	102100	2007-OCT-21	38.17522222000008	-75.16202777999996
50	5502	NE-2017-1194862	Confirmed - Medium Report	7	Whale, humpback	Megaptera	novaeangliae	Worcester	MD	Atlantic Ocean	actual	actual	20	Moderate Decomposition	Humpback Whale	-8346011.84298949	4590167.634128227	102100	2017-FEB-20	38.076000000000086	-74.97349999999994
51	14845	NE-2009-1088325	Confirmed - High Report	7	Whale, humpback	Megaptera	novaeangliae	Worcester	MD	Atlantic Ocean	actual	actual	7	Moderate Decomposition	Humpback Whale	-8368183.34597079	4599955.227231143	102100	2009-MAR-07	38.14518000000003	-75.17266999999998
52	16071	NE-2007-1074315	Confirmed - High Report	7	Whale, humpback	Megaptera	novaeangliae	Worcester	MD	Atlantic Ocean	actual	actual	21	Advanced Decomposition	Humpback Whale	-8366998.659459478	4604208.493342849	102100	2007-OCT-21	38.17522222000008	-75.16202777999996
53	23956	NE-2001-1036441	Unconfirmed	7	Whale, humpback	Megaptera	novaeangliae	Worcester	MD	Atlantic Ocean			18	Fresh Dead	Humpback Whale	-8350878.978256242	4601817.211258906	102100	2001-AUG-18	38.158333330000055	-75.01722221999995
54	15190	NE-2008-1083425	Confirmed - High Report	7	Whale, humpback	Megaptera	novaeangliae	Worcester	MD	Atlantic Ocean	estimate	estimate	4	Moderate Decomposition	Humpback Whale	-8365348.038540281	4608893.551391177	102100	2008-NOV-04	38.20830000000006	-75.14719999999994
55	6238	NE-2016-1188495	Confirmed - Medium Report	7	Whale, humpback	Megaptera	novaeangliae	Worcester	MD	Atlantic Ocean	actual	actual	6	Moderate Decomposition	Humpback Whale	-8363229.405991506	4615242.879770165	102100	2016-JUL-06	38.25310400000006	-75.12816799999996
56	19581	NE-2005-1045895	Confirmed - Medium Report	7	Whale, humpback	Megaptera	novaeangliae	Worcester	MD	Atlantic Ocean	estimate	estimate	14	Fresh Dead	Humpback Whale	-8345811.4679060625	4623311.451622378	102100	2005-JUN-14	38.31000000000006	-74.97169999999994
57	13812	NE-2010-1108053	Confirmed - High Report	7	Whale, humpback	Megaptera	novaeangliae	Worcester	MD	Atlantic Ocean	estimate	estimate	13	Moderate Decomposition	Humpback Whale	-8358445.562194155	4625356.543623196	102100	2010-MAR-13	38.324414000000054	-75.08519399999994
58	13514	NE-2010-1118682	Confirmed - High Report	7	Whale, humpback	Megaptera	novaeangliae	Worcester	MD	Atlantic Ocean	estimate	estimate	4	Moderate Decomposition	Humpback Whale	-8357978.688249768	4627076.330383215	102100	2010-JUL-04	38.33653300000004	-75.08099999999995
59	1892	NE-2019-1212942	Confirmed - High Report	7	Whale, humpback	Megaptera	novaeangliae	Worcester	MD		actual	actual	2	Alive	Humpback Whale	-8359166.0965226265	4628198.554428361	102100	2019-MAY-02	38.34444000000008	-75.09166666999994
60	15570	NE-2008-1079243	Confirmed - Medium Report	7	Whale, humpback	Megaptera	novaeangliae	Eez	MD	Atlantic Ocean	actual	actual	6	Advanced Decomposition	Humpback Whale	-8202020.081648391	4610787.850520754	102100	2008-FEB-06	38.221670000000074	-73.67999999999995
61	1784	NE-2019-1214701	Confirmed - Medium Report	7	Whale, humpback	Megaptera	novaeangliae	Worcester	MD	Atlantic Ocean	estimate	estimate	6	Alive	Humpback Whale	-8354409.971278488	4638274.458424759	102100	2019-AUG-06	38.41539444000006	-75.04894166999998
62	6267	NE-2016-1187284	Confirmed - High Report	7	Whale, humpback	Megaptera	novaeangliae	Sussex	DE	Atlantic Ocean	actual	actual	17	Moderate Decomposition	Humpback Whale	-8355292.548936926	4659843.5845312355	102100	2016-JUN-17	38.56705000000005	-75.05686999999995
63	613	NE-2020-1221191	Confirmed - Medium Report	7	Whale, humpback	Megaptera	novaeangliae	Sussex	DE	Atlantic Ocean	actual	actual	15	Condition Unknown	Humpback Whale	-8354187.146393348	4667028.891347566	102100	2020-JAN-15	38.617500000000064	-75.04693999999995
64	5427	NE-2017-1195740	Confirmed - High Report	7	Whale, humpback	Megaptera	novaeangliae	Sussex	DE	Atlantic Ocean	actual	actual	4	Moderate Decomposition	Humpback Whale	-8357698.163132968	4683731.70917695	102100	2017-MAY-04	38.734638000000075	-75.07847999999994
65	25885	NE-2000-1036866	Unconfirmed	7	Whale, humpback	Megaptera	novaeangliae	Unknown	EZ	Atlantic Ocean			17	Advanced Decomposition	Humpback Whale	-8333006.016186212	4685210.553968656	102100	2000-JUN-17	38.745000000000054	-74.85666666999998
66	17172	NE-2006-1063425	Confirmed - High Report	7	Whale, humpback	Megaptera	novaeangliae	Sussex	DE	Atlantic Ocean	estimate	estimate	15	Advanced Decomposition	Humpback Whale	-8358323.778671229	4689550.422661809	102100	2006-OCT-15	38.77540000000005	-75.08409999999996
67	20245	NE-2004-1055985	Confirmed - High Report	7	Whale, humpback	Megaptera	novaeangliae	Sussex	DE	Atlantic Ocean	estimate	estimate	19	Moderate Decomposition	Humpback Whale	-8358791.320532558	4691992.411673736	102100	2004-DEC-19	38.792500000000075	-75.08829999999995
68	3358	NE-2018-1206983	Confirmed - High Report	7	Whale, humpback	Megaptera	novaeangliae	Sussex	DE	Atlantic Ocean	actual	actual	16	Advanced Decomposition	Humpback Whale	-8359489.627698306	4693792.746843234	102100	2018-DEC-16	38.80510420000008	-75.09457299999997
69	6237	NE-2016-1188836	Confirmed - Medium Report	7	Whale, humpback	Megaptera	novaeangliae	Delaware	PA	Atlantic Ocean	actual	actual	5	Moderate Decomposition	Humpback Whale	-8353043.561264431	4696253.728631414	102100	2016-JUL-05	38.822330000000065	-75.03666699999997
70	1067	NE-2019-1219273	Confirmed - High Report	7	Whale, humpback	Megaptera	novaeangliae	Kent	DE		estimate	estimate	4	Moderate Decomposition	Humpback Whale	-8394528.550620396	4741494.808042476	102100	2019-OCT-04	39.138255000000065	-75.40933299999995
71	1178	NE-2019-1218939	Confirmed - Medium Report	7	Whale, humpback	Megaptera	novaeangliae	Cumberland	NJ		estimate	estimate	2	Fresh Dead	Humpback Whale	-8373359.368334203	4744762.19049445	102100	2019-OCT-02	39.16101700000007	-75.21916699999996
72	5428	NE-2017-1195738	Confirmed - High Report	7	Whale, humpback	Megaptera	novaeangliae	Kent	DE		estimate	estimate	23	Advanced Decomposition	Humpback Whale	-8393868.982637446	4747642.589525173	102100	2017-APR-23	39.181077000000066	-75.40340799999996
73	5549	NE-2017-1194124	Confirmed - High Report	7	Whale, humpback	Megaptera	novaeangliae	Cumberland	NJ	Atlantic Ocean	actual	actual	11	Moderate Decomposition	Humpback Whale	-8388657.115397999	4773226.050927232	102100	2017-FEB-11	39.35899700000005	-75.35658899999999
74	17606	NE-2006-1060835	Confirmed - High Report	7	Whale, humpback	Megaptera	novaeangliae	Cape May	NJ	Atlantic Ocean	actual	estimate	27	Advanced Decomposition	Humpback Whale	-8329642.311868342	4717559.229464062	102100	2006-SEP-27	38.971285000000066	-74.82644999999997
75	24099	NE-2001-1033152	Unconfirmed	7	Whale, humpback	Megaptera	novaeangliae	Cape May	NJ	Atlantic Ocean			17	Advanced Decomposition	Humpback Whale	-8328182.17084304	4719284.496209689	102100	2001-SEP-17	38.98333333000006	-74.81333332999998
76	1857	NE-2019-1213834	Confirmed - High Report	7	Whale, humpback	Megaptera	novaeangliae	Cape May	NJ	Atlantic Ocean	actual	actual	26	Alive	Humpback Whale	-8305141.225903213	4739221.383788292	102100	2019-JUL-26	39.122413000000044	-74.60635299999994
77	6131	NE-2016-1191055	Confirmed - High Report	7	Whale, humpback	Megaptera	novaeangliae	Cape May	NJ	Atlantic Ocean	actual	actual	16	Moderate Decomposition	Humpback Whale	-8313171.813969038	4745989.777551684	102100	2016-SEP-16	39.16956700000003	-74.67849299999995
78	1082	NE-2019-1219235	Confirmed - High Report	7	Whale, humpback	Megaptera	novaeangliae	Cape May	NJ	Atlantic Ocean	estimate	estimate	6	Moderate Decomposition	Humpback Whale	-8310080.694348693	4749850.255104885	102100	2019-JUN-06	39.196448000000025	-74.65072499999995
79	22359	NE-2003-1034576	Confirmed - High Report	7	Whale, humpback	Megaptera	novaeangliae	Cape May	NJ	Atlantic Ocean			17	Advanced Decomposition	Humpback Whale	-8304520.595251757	4758507.832723395	102100	2003-JUN-17	39.25669444000003	-74.60077777999999
80	22359	NE-2003-1034576	Confirmed - High Report	7	Whale, humpback	Megaptera	novaeangliae	Cape May	NJ	Atlantic Ocean			17	Advanced Decomposition	Humpback Whale	-8304520.595251757	4758507.832723395	102100	2003-JUN-17	39.25669444000003	-74.60077777999999
81	78	NE-2020-1228051	Confirmed - High Report	7	Whale, humpback	Megaptera	novaeangliae	Atlantic	NJ	Atlantic Ocean	actual	actual	16	Fresh Dead	Humpback Whale	-8288529.018292135	4767124.380206564	102100	2020-SEP-16	39.316604000000034	-74.45712299999997
82	5578	NE-2017-1193340	Confirmed - High Report	7	Whale, humpback	Megaptera	novaeangliae	Atlantic	NJ	Atlantic Ocean	actual	actual	12	Fresh Dead	Humpback Whale	-8271049.409208795	4789150.750684543	102100	2017-JAN-12	39.46951700000005	-74.30010099999998
83	7789	NE-2014-1169785	Confirmed - Medium Report	7	Whale, humpback	Megaptera	novaeangliae	Eez	NJ	Atlantic Ocean	actual	actual	3	Moderate Decomposition	Humpback Whale	-8115769.740181766	4742630.420147205	102100	2014-MAY-03	39.14616700000005	-72.90519999999998
84	3033	NE-2018-1211626	Confirmed - Minimum	7	Whale, humpback	Megaptera	novaeangliae	Eez	NJ				28	Moderate Decomposition	Humpback Whale	-8121493.46557183	4777885.721329961	102100	2018-FEB-28	39.39135400000004	-72.95661709999995
85	13444	NE-2010-1119813	Confirmed - Medium Report	7	Whale, humpback	Megaptera	novaeangliae	Eez	NY	Atlantic Ocean	actual	actual	21	Moderate Decomposition	Humpback Whale	-7982498.045804058	4801629.634381324	102100	2010-MAY-21	39.55600000000004	-71.70799999999997
86	5310	NE-2017-1196677	Confirmed - Medium Report	7	Whale, humpback	Megaptera	novaeangliae	Ocean	NJ	Atlantic Ocean	estimate	estimate	3	Fresh Dead	Humpback Whale	-8234822.262041974	4812078.725968351	102100	2017-JUN-03	39.628333000000055	-73.97466699999995
87	7888	NE-2014-1159868	Confirmed - High Report	7	Whale, humpback	Megaptera	novaeangliae	Ocean	NJ	Atlantic Ocean	estimate	estimate	3	Alive	Humpback Whale	-8253228.93984464	4820122.944806646	102100	2014-SEP-03	39.68396700000006	-74.14001699999994
88	57	NE-2020-1230374	Confirmed - High Report	7	Whale, humpback	Megaptera	novaeangliae	Ocean	NJ	Atlantic Ocean	estimate	estimate	24	Moderate Decomposition	Humpback Whale	-8250898.577624379	4826891.820561679	102100	2020-DEC-24	39.73074600000006	-74.11908299999999
89	1591	NE-2019-1217370	Confirmed - High Report	7	Whale, humpback	Megaptera	novaeangliae	Ocean	NJ	Atlantic Ocean	actual	actual	9	Moderate Decomposition	Humpback Whale	-8248212.994908987	4833024.22131095	102100	2019-OCT-09	39.77309900000006	-74.09495799999995
90	12345	NE-2011-1133901	Confirmed - High Report	7	Whale, humpback	Megaptera	novaeangliae	Ocean	NJ	Atlantic Ocean	estimate	estimate	28	Advanced Decomposition	Humpback Whale	-8247629.569457739	4838629.400496612	102100	2011-MAY-28	39.811788000000035	-74.08971699999995
91	621	NE-2019-1226890	Confirmed - High Report	7	Whale, humpback	Megaptera	novaeangliae	Ocean	NJ	Atlantic Ocean	actual	actual	18	Moderate Decomposition	Humpback Whale	-8246477.4127280265	4850752.553874719	102100	2019-OCT-18	39.89539200000007	-74.07936699999992
92	1507	NE-2019-1218053	Confirmed - High Report	7	Whale, humpback	Megaptera	novaeangliae	Ocean	NJ	Atlantic Ocean	actual	actual	26	Alive	Humpback Whale	-8241237.159018429	4850982.82267443	102100	2019-OCT-26	39.896979000000044	-74.03229299999997
93	24165	NE-2001-1032912	Unconfirmed	7	Whale, humpback	Megaptera	novaeangliae	Unknown	NJ	Atlantic Ocean	estimate	estimate	18	Moderate Decomposition	Humpback Whale	-8226510.369622915	4851421.175183362	102100	2001-JAN-18	39.900000000000034	-73.89999999999998
94	148	NE-2020-1226374	Confirmed - Medium Report	7	Whale, humpback	Megaptera	novaeangliae	Ocean	NJ	Atlantic Ocean	actual	actual	8	Alive	Humpback Whale	-8245468.858141442	4855321.346493981	102100	2020-JUN-08	39.92687300000006	-74.07030699999996
95	24046	NE-2001-1036213	Unconfirmed	7	Whale, humpback	Megaptera	novaeangliae	Ocean	NJ	Atlantic Ocean			14	Advanced Decomposition	Humpback Whale	-8245156.384330783	4859606.854199959	102100	2001-AUG-14	39.956388890000035	-74.06749999999994
96	8686	NE-2013-1154973	Confirmed - High Report	7	Whale, humpback	Megaptera	novaeangliae	Monmouth	NJ	Atlantic Ocean	estimate	estimate	14	Alive	Humpback Whale	-8237586.6589568425	4886489.6249749465	102100	2013-NOV-14	40.14125000000007	-73.99949999999994
97	24100	NE-2001-1033151	Unconfirmed	7	Whale, humpback	Megaptera	novaeangliae	Ocean	NJ	Atlantic Ocean			8	Fresh Dead	Humpback Whale	-8239126.578208419	4891526.895486593	102100	2001-SEP-08	40.17583333000004	-74.01333332999995
98	12964	NE-2010-1129063	Confirmed - Medium Report	7	Whale, humpback	Megaptera	novaeangliae	Eez	NJ	Atlantic Ocean	actual	actual	2	Moderate Decomposition	Humpback Whale	-8226714.084291065	4901507.057166785	102100	2010-NOV-02	40.24430000000006	-73.90182999999996
99	3892	NE-2018-1203102	Confirmed - Medium Report	7	Whale, humpback	Megaptera	novaeangliae	Monmouth	NJ	Atlantic Ocean	actual	actual	22	Moderate Decomposition	Humpback Whale	-8217261.612369338	4912095.059766026	102100	2018-APR-22	40.316861000000074	-73.81691699999999
100	14375	NE-2009-1099807	Confirmed - High Report	7	Whale, humpback	Megaptera	novaeangliae	Monmouth	NJ	Atlantic Ocean	estimate	estimate	27	Moderate Decomposition	Humpback Whale	-8234666.303435373	4914600.978714639	102100	2009-JUL-27	40.33402300000006	-73.97326599999997
101	154	NE-2020-1226352	Confirmed - Medium Report	7	Whale, humpback	Megaptera	novaeangliae	Monmouth	NJ	Atlantic Ocean	actual	actual	29	Alive	Humpback Whale	-8235113.028551925	4921535.512492919	102100	2020-MAY-29	40.38149200000004	-73.97727899999994
102	5589	NE-2016-1199922	Confirmed - Medium Report	7	Whale, humpback	Megaptera	novaeangliae	Eez	NJ	Atlantic Ocean	actual	actual	18	Moderate Decomposition	Humpback Whale	-8219200.35262099	4924045.735008377	102100	2016-NOV-18	40.39866700000004	-73.83433299999994
103	1183	NE-2019-1218934	Confirmed - High Report	7	Whale, humpback	Megaptera	novaeangliae	Monmouth	NJ	Atlantic Ocean	estimate	estimate	10	Moderate Decomposition	Humpback Whale	-8235975.977244552	4931641.249021576	102100	2019-AUG-10	40.45060900000004	-73.98503099999992
104	4031	NE-2018-1202582	Confirmed - High Report	7	Whale, humpback	Megaptera	novaeangliae	Monmouth	NJ		actual	actual	5	Fresh Dead	Humpback Whale	-8238808.390368302	4934013.289022442	102100	2018-MAY-05	40.46682200000004	-74.01047499999999
105	171	NE-2020-1226290	Confirmed - High Report	7	Whale, humpback	Megaptera	novaeangliae	Monmouth	NJ	Atlantic Ocean	actual	actual	30	Fresh Dead	Humpback Whale	-8235477.711203767	4940821.251867325	102100	2020-APR-30	40.513333000000046	-73.98055499999997
106	4187	NE-2018-1200521	Confirmed - High Report	7	Whale, humpback	Megaptera	novaeangliae	Queens	NY	Atlantic Ocean	actual	actual	12	Advanced Decomposition	Humpback Whale	-8230872.980467099	4945169.101546656	102100	2018-FEB-12	40.543020000000055	-73.93918999999994
107	14189	NE-2009-1103341	Confirmed - High Report	7	Whale, humpback	Megaptera	novaeangliae	New York	NY	Atlantic Ocean	actual	actual	9	Alive	Humpback Whale	-8236785.15862313	4947422.357961251	102100	2009-APR-09	40.55840000000007	-73.99229999999994
108	24166	NE-2001-1032910	Unconfirmed	7	Whale, humpback	Megaptera	novaeangliae	Unknown	NY				29	Moderate Decomposition	Humpback Whale	-8240889.137554772	4951076.331030461	102100	2001-JUL-29	40.58333333000007	-74.02916666999992
109	3680	NE-2018-1204155	Confirmed - High Report	7	Whale, humpback	Megaptera	novaeangliae	Queens	NY	Atlantic Ocean	actual	actual	1	Advanced Decomposition	Humpback Whale	-8226799.800298973	4947173.272967209	102100	2018-JUN-01	40.556700000000035	-73.90259999999994
110	471	NE-2020-1222910	Confirmed - High Report	7	Whale, humpback	Megaptera	novaeangliae	Queens	NY	Atlantic Ocean	actual	actual	31	Moderate Decomposition	Humpback Whale	-8223460.215575178	4948286.87848417	102100	2020-MAR-31	40.56430000000006	-73.87259999999998
111	3555	NE-2018-1205708	Confirmed - High Report	7	Whale, humpback	Megaptera	novaeangliae	Nassau	NY	Atlantic Ocean	actual	actual	14	Moderate Decomposition	Humpback Whale	-8208253.973132813	4952542.162737167	102100	2018-JUN-14	40.59333300000004	-73.73599999999993
112	4930	NE-2017-1199264	Confirmed - High Report	7	Whale, humpback	Megaptera	novaeangliae	Nassau	NY	Atlantic Ocean	actual	actual	26	Moderate Decomposition	Humpback Whale	-8204557.275482556	4951091.380107695	102100	2017-DEC-26	40.58343600000007	-73.70279199999997
113	3900	NE-2018-1203067	Confirmed - High Report	7	Whale, humpback	Megaptera	novaeangliae	Nassau	NY	Atlantic Ocean	actual	actual	18	Moderate Decomposition	Humpback Whale	-8201446.786270805	4951112.926990734	102100	2018-MAY-18	40.58358300000003	-73.67484999999994
114	1601	NE-2019-1216970	Confirmed - High Report	7	Whale, humpback	Megaptera	novaeangliae	Suffolk	NY	Atlantic Ocean	actual	actual	30	Moderate Decomposition	Humpback Whale	-8198602.57328104	4950879.431659581	102100	2019-SEP-30	40.58199000000006	-73.64929999999997
115	23376	NE-2002-1035367	Unconfirmed	7	Whale, humpback	Megaptera	novaeangliae	Nassau	NY				1	Advanced Decomposition	Humpback Whale	-8188816.3532807715	4942692.451148117	102100	2002-AUG-01	40.526111110000045	-73.56138888999999
116	13620	NE-2010-1116121	Confirmed - High Report	7	Whale, humpback	Megaptera	novaeangliae	Nassau	NY	Atlantic Ocean	actual	actual	10	Moderate Decomposition	Humpback Whale	-8178809.967817992	4953475.602814037	102100	2010-JUN-10	40.599700000000034	-73.47149999999993
117	9016	NE-2013-1151835	Confirmed - High Report	7	Whale, humpback	Megaptera	novaeangliae	Suffolk	NY	Atlantic Ocean	actual	actual	28	Alive	Humpback Whale	-8166342.18484915	4957493.620764682	102100	2013-SEP-28	40.62710000000004	-73.35949999999997
118	23375	NE-2002-1035368	Unconfirmed	7	Whale, humpback	Megaptera	novaeangliae	Suffolk	NY	Atlantic Ocean			16	Advanced Decomposition	Humpback Whale	-8149174.24584974	4958244.941287352	102100	2002-APR-16	40.632222220000074	-73.20527777999996
119	2201	NE-2018-1221142	Confirmed - High Report	7	Whale, humpback	Megaptera	novaeangliae	Suffolk	NY	Atlantic Ocean	actual	actual	28	Advanced Decomposition	Humpback Whale	-8146939.976840313	4958961.488113254	102100	2018-AUG-28	40.63710700000007	-73.18520699999993
120	3842	NE-2018-1203388	Confirmed - High Report	7	Whale, humpback	Megaptera	novaeangliae	Suffolk	NY	Atlantic Ocean	actual	actual	27	Advanced Decomposition	Humpback Whale	-8141239.639675264	4960618.255437469	102100	2018-MAY-27	40.64840000000005	-73.13399999999994
121	7170	NE-2015-1174232	Confirmed - High Report	7	Whale, humpback	Megaptera	novaeangliae	Suffolk	NY	Atlantic Ocean	actual	actual	29	Moderate Decomposition	Humpback Whale	-8126478.675196074	4965872.236523338	102100	2015-JUN-29	40.684200000000025	-73.00139999999993
122	7190	NE-2015-1174180	Confirmed - High Report	7	Whale, humpback	Megaptera	novaeangliae	Suffolk	NY	Atlantic Ocean	actual	actual	20	Moderate Decomposition	Humpback Whale	-8113331.8433333915	4972069.102131314	102100	2015-APR-20	40.72640000000007	-72.88329999999995
123	252	NE-2020-1225901	Confirmed - High Report	7	Whale, humpback	Megaptera	novaeangliae	Suffolk	NY	Atlantic Ocean	actual	actual	18	Moderate Decomposition	Humpback Whale	-8110827.154790545	4971951.589480766	102100	2020-JUL-18	40.725600000000036	-72.86079999999998
124	355	NE-2020-1224272	Confirmed - High Report	7	Whale, humpback	Megaptera	novaeangliae	Suffolk	NY	Atlantic Ocean	actual	actual	22	Moderate Decomposition	Humpback Whale	-8100207.275368862	4968588.388576139	102100	2020-MAY-22	40.70270000000005	-72.76539999999993
125	1251	NE-2019-1218659	Confirmed - High Report	7	Whale, humpback	Megaptera	novaeangliae	Suffolk	NY	Atlantic Ocean	actual	actual	9	Moderate Decomposition	Humpback Whale	-8093249.807194283	4961513.287553304	102100	2019-AUG-09	40.65450000000004	-72.70289999999994
126	4306	NE-2017-1204069	Confirmed - Medium Report	7	Whale, humpback	Megaptera	novaeangliae	Eez	NY	Atlantic Ocean	actual	actual	20	Fresh Dead	Humpback Whale	-8067323.497788533	4959385.886084273	102100	2017-OCT-20	40.64000000000004	-72.46999999999997
127	827	NE-2019-1220232	Confirmed - High Report	7	Whale, humpback	Megaptera	novaeangliae	Suffolk	NY	Atlantic Ocean	actual	actual	5	Moderate Decomposition	Humpback Whale	-8097491.079793512	4978122.914619034	102100	2019-MAY-05	40.767600000000066	-72.74099999999999
128	5600	NE-2016-1199236	Confirmed - High Report	7	Whale, humpback	Megaptera	novaeangliae	Suffolk	NY	Atlantic Ocean	actual	actual	23	Alive	Humpback Whale	-8097346.364455479	4981430.586074032	102100	2016-NOV-23	40.79010000000005	-72.73969999999997
129	6228	NE-2016-1189950	Confirmed - High Report	7	Whale, humpback	Megaptera	novaeangliae	Suffolk	NY		actual	actual	4	Advanced Decomposition	Humpback Whale	-8095876.947177008	4982842.200335545	102100	2016-JUN-04	40.79970000000002	-72.72649999999997
130	4212	NE-2017-1221139	Confirmed - High Report	7	Whale, humpback	Megaptera	novaeangliae	Suffolk	NY	Atlantic Ocean	estimate	actual	8	Advanced Decomposition	Humpback Whale	-8098627.429155526	4983258.518477169	102100	2017-NOV-08	40.80253100000005	-72.75120799999996
131	7202	NE-2015-1174164	Confirmed - High Report	7	Whale, humpback	Megaptera	novaeangliae	Suffolk	NY	Atlantic Ocean	actual	actual	14	Moderate Decomposition	Humpback Whale	-8090422.292128135	4980621.940692347	102100	2015-APR-14	40.78460000000007	-72.67749999999995
132	2218	NE-2018-1220630	Confirmed - High Report	7	Whale, humpback	Megaptera	novaeangliae	Suffolk	NY	Atlantic Ocean	actual	actual	3	Alive	Humpback Whale	-8085417.59046105	4978793.619834687	102100	2018-SEP-03	40.77216300000003	-72.63254199999994
133	21893	NE-2004-1027906	Confirmed - High Report	7	Whale, humpback	Megaptera	novaeangliae	Suffolk	NY	Atlantic Ocean	actual	actual	20	Moderate Decomposition	Humpback Whale	-8079341.550014573	4984676.133309637	102100	2004-APR-20	40.81217000000004	-72.57795999999996
134	6157	NE-2016-1190532	Confirmed - High Report	7	Whale, humpback	Megaptera	novaeangliae	Suffolk	NY	Atlantic Ocean	actual	actual	24	Moderate Decomposition	Humpback Whale	-8079023.176270905	4984842.336728277	102100	2016-JUN-24	40.81330000000003	-72.57509999999996
135	10032	NE-2013-1148155	Confirmed - High Report	7	Whale, humpback	Megaptera	novaeangliae	Suffolk	NY	Atlantic Ocean	actual	actual	17	Advanced Decomposition	Humpback Whale	-8076100.70567911	4985975.38997373	102100	2013-APR-17	40.821003000000076	-72.54884699999998
136	25810	NE-2000-1038520	Unconfirmed	7	Whale, humpback	Megaptera	novaeangliae	Suffolk	NY	Atlantic Ocean			20	Alive	Humpback Whale	-8079234.68330341	4989824.851502328	102100	2000-MAR-20	40.847166670000036	-72.57699999999994
137	4306	NE-2017-1204069	Confirmed - Medium Report	7	Whale, humpback	Megaptera	novaeangliae	Eez	NY	Atlantic Ocean	actual	actual	20	Fresh Dead	Humpback Whale	-8067323.497788533	4959385.886084273	102100	2017-OCT-20	40.64000000000004	-72.46999999999997
138	1251	NE-2019-1218659	Confirmed - High Report	7	Whale, humpback	Megaptera	novaeangliae	Suffolk	NY	Atlantic Ocean	actual	actual	9	Moderate Decomposition	Humpback Whale	-8093249.807194283	4961513.287553304	102100	2019-AUG-09	40.65450000000004	-72.70289999999994
139	14215	NE-2009-1103183	Confirmed - High Report	7	Whale, humpback	Megaptera	novaeangliae	Suffolk	NY		actual	actual	27	Mummified/Skeletal	Humpback Whale	-8066622.184996533	4989873.9041574905	102100	2009-MAR-27	40.847500000000025	-72.46369999999996
140	1216	NE-2019-1218723	Confirmed - High Report	7	Whale, humpback	Megaptera	novaeangliae	Suffolk	NY	Atlantic Ocean	actual	actual	14	Fresh Dead	Humpback Whale	-8061145.266049507	4991831.326048938	102100	2019-NOV-14	40.86080000000004	-72.41449999999998
141	1017	NE-2019-1219574	Confirmed - High Report	7	Whale, humpback	Megaptera	novaeangliae	Suffolk	NY	Atlantic Ocean	actual	actual	15	Alive	Humpback Whale	-8042274.3859702265	5000763.924813199	102100	2019-JUL-15	40.92146000000002	-72.24497999999993
142	13778	NE-2010-1109467	Confirmed - High Report	7	Whale, humpback	Megaptera	novaeangliae	Suffolk	NY	Atlantic Ocean	actual	actual	6	Alive	Humpback Whale	-8035820.0818940345	5004291.508953834	102100	2010-APR-06	40.945400000000056	-72.18699999999995
143	1890	NE-2019-1213152	Confirmed - High Report	7	Whale, humpback	Megaptera	novaeangliae	Suffolk	NY	Atlantic Ocean	actual	actual	7	Alive	Humpback Whale	-8022012.012256039	5008382.101272804	102100	2019-JUL-07	40.97315000000003	-72.06295999999998
144	6209	NE-2016-1190238	Confirmed - High Report	7	Whale, humpback	Megaptera	novaeangliae	Suffolk	NY		actual	actual	26	Advanced Decomposition	Humpback Whale	-8025266.994166831	5011648.439635612	102100	2016-APR-26	40.995300000000036	-72.09219999999993
145	3673	NE-2018-1204333	Confirmed - High Report	7	Whale, humpback	Megaptera	novaeangliae	Suffolk	NY	Atlantic Ocean	actual	actual	26	Advanced Decomposition	Humpback Whale	-8019300.269460314	5011928.673258705	102100	2018-JUL-26	40.997200000000085	-72.03859999999997
146	1247	NE-2019-1218663	Confirmed - High Report	7	Whale, humpback	Megaptera	novaeangliae	Suffolk	NY	Atlantic Ocean	actual	actual	25	Advanced Decomposition	Humpback Whale	-7988175.339834513	5011604.192959782	102100	2019-JUL-25	40.99500000000006	-71.75899999999996
147	6842	NE-2015-1180435	Confirmed - High Report	7	Whale, humpback	Megaptera	novaeangliae	Suffolk	NY	Atlantic Ocean	actual	actual	6	Advanced Decomposition	Humpback Whale	-8004372.325744938	5018287.723117421	102100	2015-OCT-06	41.04030000000005	-71.90449999999998
148	61	NE-2020-1229152	Confirmed - High Report	7	Whale, humpback	Megaptera	novaeangliae	Suffolk	NY		actual	actual	5	Alive	Humpback Whale	-8009075.574230949	5025655.260710522	102100	2020-NOV-05	41.09020000000004	-71.94674999999994
149	1247	NE-2019-1218663	Confirmed - High Report	7	Whale, humpback	Megaptera	novaeangliae	Suffolk	NY	Atlantic Ocean	actual	actual	25	Advanced Decomposition	Humpback Whale	-7988175.339834513	5011604.192959782	102100	2019-JUL-25	40.99500000000006	-71.75899999999996
150	15558	NE-2008-1079269	Confirmed - Minimum	7	Whale, humpback	Megaptera	novaeangliae	Eez	NY	Atlantic Ocean	actual	actual	10	Condition Unknown	Humpback Whale	-7874926.68226579	4953764.434542562	102100	2008-FEB-10	40.60167000000007	-70.74166999999994
151	16467	NE-2007-1068695	Confirmed - Minimum	7	Whale, humpback	Megaptera	novaeangliae	Unknown	EZ	Atlantic Ocean	actual	actual	3	Moderate Decomposition	Humpback Whale	-7877709.669535626	4946191.646627772	102100	2007-JUL-03	40.55000000000007	-70.76666999999996
152	15683	NE-2008-1077013	Confirmed - Minimum	7	Whale, humpback	Megaptera	novaeangliae	Unknown	EZ	Atlantic Ocean	actual	actual	17	Advanced Decomposition	Humpback Whale	-7841901.52893215	4922778.924365349	102100	2008-JAN-17	40.39000000000003	-70.44499999999995
153	16099	NE-2007-1073367	Confirmed - Minimum	7	Whale, humpback	Megaptera	novaeangliae	Unknown	EZ	Atlantic Ocean	actual	actual	18	Moderate Decomposition	Humpback Whale	-7640098.216437384	4863036.359502356	102100	2007-NOV-18	39.980000000000075	-68.63216999999997
154	23338	NE-2002-1035411	Unconfirmed	7	Whale, humpback	Megaptera	novaeangliae	Unknown	EZ	Atlantic Ocean			30	Moderate Decomposition	Humpback Whale	-7649504.342715506	4892619.654375448	102100	2002-MAY-30	40.18333333000004	-68.71666666999994
155	18130	NE-2006-1057325	Confirmed - Medium Report	7	Whale, humpback	Megaptera	novaeangliae	Unknown	EZ	Atlantic Ocean	actual	actual	14	Advanced Decomposition	Humpback Whale	-7734968.026076131	4924240.5872052	102100	2006-APR-14	40.400000000000034	-69.48439999999994
156	4305	NE-2017-1204070	Confirmed - Medium Report	7	Whale, humpback	Megaptera	novaeangliae	Eez	MA	Atlantic Ocean	actual	actual	19	Moderate Decomposition	Humpback Whale	-7785592.4569457155	4964570.219129107	102100	2017-DEC-19	40.67533000000003	-69.93916699999993
157	9280	NE-2013-1151009	Confirmed - Medium Report	7	Whale, humpback	Megaptera	novaeangliae	Eez	MA	Atlantic Ocean	actual	actual	6	Advanced Decomposition	Humpback Whale	-7797039.774142465	4968338.764754423	102100	2013-JUN-06	40.70100000000007	-70.04199999999997
158	4	NE-2020-1231443	Unconfirmed	7	Whale, humpback	Megaptera	novaeangliae	Nantucket	MA	Atlantic Ocean	actual	actual	26	Advanced Decomposition	Humpback Whale	-7849158.940795505	5000471.080804135	102100	2020-NOV-26	40.91947222000004	-70.51019443999996
159	797	NE-2019-1220375	Confirmed - High Report	7	Whale, humpback	Megaptera	novaeangliae	Newport	RI	Atlantic Ocean	actual	actual	13	Moderate Decomposition	Humpback Whale	-7918405.848979827	5037843.463553779	102100	2019-DEC-13	41.172667000000054	-71.13224999999993
160	4782	NE-2017-1199865	Confirmed - High Report	7	Whale, humpback	Megaptera	novaeangliae	Washington	RI	Atlantic Ocean	estimate	estimate	1	Advanced Decomposition	Humpback Whale	-7957629.271560837	5058767.498761866	102100	2017-OCT-01	41.31400000000008	-71.48459999999993
161	11014	NE-2012-1144628	Confirmed - Medium Report	7	Whale, humpback	Megaptera	novaeangliae	Washington	RI	Atlantic Ocean	estimate	estimate	20	Condition Unknown	Humpback Whale	-7958795.343226901	5065290.707325571	102100	2012-JUL-20	41.35799900000006	-71.49507499999997
162	5127	NE-2017-1198380	Confirmed - High Report	7	Whale, humpback	Megaptera	novaeangliae	Suffolk	NY	Atlantic Ocean	estimate	actual	31	Mummified/Skeletal	Humpback Whale	-8033549.164281853	5040333.179862614	102100	2017-OCT-31	41.18950000000006	-72.16659999999996
163	4901	NE-2017-1199649	Confirmed - High Report	7	Whale, humpback	Megaptera	novaeangliae	Washington	RI	Atlantic Ocean	actual	actual	5	Moderate Decomposition	Humpback Whale	-7965361.523391337	5034756.500417534	102100	2017-SEP-05	41.15179000000006	-71.55405999999992
164	5874	NE-2016-1192267	Confirmed - Medium Report	7	Whale, humpback	Megaptera	novaeangliae	Washington	RI	Atlantic Ocean	actual	actual	16	Moderate Decomposition	Humpback Whale	-7965601.973491452	5043050.959584969	102100	2016-MAR-16	41.20787000000007	-71.55621999999994
165	11014	NE-2012-1144628	Confirmed - Medium Report	7	Whale, humpback	Megaptera	novaeangliae	Washington	RI	Atlantic Ocean	estimate	estimate	20	Condition Unknown	Humpback Whale	-7958795.343226901	5065290.707325571	102100	2012-JUL-20	41.35799900000006	-71.49507499999997
166	4782	NE-2017-1199865	Confirmed - High Report	7	Whale, humpback	Megaptera	novaeangliae	Washington	RI	Atlantic Ocean	estimate	estimate	1	Advanced Decomposition	Humpback Whale	-7957629.271560837	5058767.498761866	102100	2017-OCT-01	41.31400000000008	-71.48459999999993
167	3027	NE-2018-1211639	Confirmed - Medium Report	7	Whale, humpback	Megaptera	novaeangliae	Nantucket	MA				22	Moderate Decomposition	Humpback Whale	-7839194.238916058	5014181.160031437	102100	2018-MAY-22	41.01247000000006	-70.42067999999993
168	4310	NE-2017-1204065	Confirmed - Medium Report	7	Whale, humpback	Megaptera	novaeangliae	Floater	MA	Atlantic Ocean	actual	actual	6	Advanced Decomposition	Humpback Whale	-7854918.11699061	5030804.04436589	102100	2017-JUL-06	41.125050000000044	-70.56192999999996
169	4283	NE-2017-1211869	Confirmed - Minimum	7	Whale, humpback	Megaptera	novaeangliae	Floater	MA	Atlantic Ocean			6	Advanced Decomposition	Humpback Whale	-7875730.285424681	5050232.837684327	102100	2017-JUL-06	41.25638889000004	-70.74888888999992
170	21255	NE-2004-1033839	Confirmed - Medium Report	7	Whale, humpback	Megaptera	novaeangliae	Dukes	RI	Vineyard Sound			20	Advanced Decomposition	Humpback Whale	-7892551.897243094	5071521.811425616	102100	2004-MAY-20	41.400000000000034	-70.89999999999998
171	4892	NE-2017-1199660	Confirmed - High Report	7	Whale, humpback	Megaptera	novaeangliae	Newport	RI	Atlantic Ocean	actual	actual	15	Fresh Dead	Humpback Whale	-7944816.398170534	5080801.526752304	102100	2017-JUN-15	41.46250000000003	-71.36949999999996
172	5802	NE-2016-1192842	Confirmed - Medium Report	7	Whale, humpback	Megaptera	novaeangliae	Newport	RI	Atlantic Ocean	actual	actual	23	Fresh Dead	Humpback Whale	-7940145.432336846	5080140.5154793365	102100	2016-APR-23	41.458050000000064	-71.32753999999994
173	21078	NE-2004-1040212	Confirmed - Medium Report	7	Whale, humpback	Megaptera	novaeangliae	Newport	RI	Atlantic Ocean	actual	actual	6	Condition Unknown	Humpback Whale	-7938508.29332118	5079885.530248982	102100	2004-JUL-06	41.456333330000064	-71.31283332999992
174	25673	NE-2001-1032470	Unconfirmed	7	Whale, humpback	Megaptera	novaeangliae	Newport	RI	Atlantic Ocean			22	Advanced Decomposition	Humpback Whale	-7936690.075342627	5081717.6103676725	102100	2001-JUN-22	41.46866667000006	-71.29649999999998
175	25662	NE-2001-1032466	Unconfirmed	7	Whale, humpback	Megaptera	novaeangliae	Newport	RI	Atlantic Ocean			10	Advanced Decomposition	Humpback Whale	-7931235.420293752	5082509.968246839	102100	2001-AUG-10	41.47400000000006	-71.24749999999993
176	4519	NE-2017-1200599	Confirmed - Medium Report	7	Whale, humpback	Megaptera	novaeangliae	Newport	RI	Atlantic Ocean	actual	actual	25	Alive	Humpback Whale	-7926938.487949136	5082301.9678634275	102100	2017-JUN-25	41.47260000000006	-71.20889999999997
177	14349	NE-2009-1100735	Confirmed - Medium Report	7	Whale, humpback	Megaptera	novaeangliae	Newport	RI	Atlantic Ocean	actual	actual	21	Advanced Decomposition	Humpback Whale	-7925502.466517902	5081767.130361133	102100	2009-AUG-21	41.46900000000005	-71.19599999999997
178	14404	NE-2009-1099087	Confirmed - Medium Report	7	Whale, humpback	Megaptera	novaeangliae	Newport	RI	Atlantic Ocean	actual	actual	14	Moderate Decomposition	Humpback Whale	-7921750.9996781675	5082450.539107459	102100	2009-JUN-14	41.47360000000003	-71.16229999999996
179	17809	NE-2006-1059633	Confirmed - Medium Report	7	Whale, humpback	Megaptera	novaeangliae	Unknown	EZ	Atlantic Ocean	estimate	estimate	1	Fresh Dead	Humpback Whale	-7924834.549573139	5074490.3484855695	102100	2006-AUG-01	41.42000000000008	-71.18999999999994
180	21255	NE-2004-1033839	Confirmed - Medium Report	7	Whale, humpback	Megaptera	novaeangliae	Dukes	RI	Vineyard Sound			20	Advanced Decomposition	Humpback Whale	-7892551.897243094	5071521.811425616	102100	2004-MAY-20	41.400000000000034	-70.89999999999998
181	4283	NE-2017-1211869	Confirmed - Minimum	7	Whale, humpback	Megaptera	novaeangliae	Floater	MA	Atlantic Ocean			6	Advanced Decomposition	Humpback Whale	-7875730.285424681	5050232.837684327	102100	2017-JUL-06	41.25638889000004	-70.74888888999992
182	4310	NE-2017-1204065	Confirmed - Medium Report	7	Whale, humpback	Megaptera	novaeangliae	Floater	MA	Atlantic Ocean	actual	actual	6	Advanced Decomposition	Humpback Whale	-7854918.11699061	5030804.04436589	102100	2017-JUL-06	41.125050000000044	-70.56192999999996
183	3027	NE-2018-1211639	Confirmed - Medium Report	7	Whale, humpback	Megaptera	novaeangliae	Nantucket	MA				22	Moderate Decomposition	Humpback Whale	-7839194.238916058	5014181.160031437	102100	2018-MAY-22	41.01247000000006	-70.42067999999993
184	8709	NE-2013-1154950	Confirmed - High Report	7	Whale, humpback	Megaptera	novaeangliae	Barnstable	MA	ATLANTIC	actual	actual	1	Moderate Decomposition	Humpback Whale	-7882254.844344712	5089540.051729917	102100	2013-OCT-01	41.521300000000046	-70.80749999999993
185	10541	NE-2012-1146745	Confirmed - Medium	7	Whale, humpback	Megaptera	novaeangliae	Dukes	MA	Atlantic Ocean	estimate	estimate	10	Advanced Decomposition	Humpback Whale	-7859156.050005111	5064059.976015725	102100	2012-AUG-10	41.349700000000055	-70.59999999999997
186	13392	NE-2010-1120243	Confirmed - High	7	Whale, humpback	Megaptera	novaeangliae	Dukes	MA	Atlantic Ocean			28	Advanced Decomposition	Humpback Whale	-7857924.745117448	5064164.965407695	102100	2010-MAY-28	41.35040800000007	-70.58893899999998
187	5872	NE-2016-1192299	Confirmed - High Report	7	Whale, humpback	Megaptera	novaeangliae	Dukes	MA	ATLANTIC	estimate	estimate	12	Moderate Decomposition	Humpback Whale	-7856217.215448165	5064163.779080498	102100	2016-SEP-12	41.350400000000036	-70.57359999999993
188	21088	NE-2004-1040200	Confirmed - High Report	7	Whale, humpback	Megaptera	novaeangliae	Dukes	MA	Atlantic Ocean	actual	actual	12	Advanced Decomposition	Humpback Whale	-7851241.234209708	5063879.558564584	102100	2004-MAY-12	41.34848333000007	-70.52889999999995
189	14041	NE-2009-1106731	Confirmed - Medium	7	Whale, humpback	Megaptera	novaeangliae	Dukes	MA	Katama Bay	estimate	estimate	27	Alive	Humpback Whale	-7847133.5449994365	5064208.26644993	102100	2009-SEP-27	41.35070000000006	-70.49199999999996
190	96	NE-2020-1227001	Confirmed - Medium Report	7	Whale, humpback	Megaptera	novaeangliae	Nantucket	MA	Atlantic Ocean	estimate	estimate	5	Advanced Decomposition	Humpback Whale	-7821416.578575287	5036399.56151924	102100	2020-AUG-05	41.162902780000024	-70.26098055999995
191	11745	NE-2011-1135790	Confirmed - Medium	7	Whale, humpback	Megaptera	novaeangliae	Nantucket	MA	Atlantic Ocean	actual	actual	15	Moderate Decomposition	Humpback Whale	-7818441.391525434	5052693.174415684	102100	2011-JUL-15	41.273002000000076	-70.23425399999996
192	24071	NE-2001-1033287	Unconfirmed	7	Whale, humpback	Megaptera	novaeangliae	Nantucket	MA	Atlantic Ocean	estimate	estimate	12	Advanced Decomposition	Humpback Whale	-7813292.419798284	5051508.031318259	102100	2001-JUL-12	41.26500000000004	-70.18799999999997
193	17469	NE-2006-1061719	Confirmed - Medium	7	Whale, humpback	Megaptera	novaeangliae	Nantucket	MA	Atlantic Ocean			26	Advanced Decomposition	Humpback Whale	-7805722.694424337	5043366.135281478	102100	2006-SEP-26	41.210000000000036	-70.11999999999993
194	105	NE-2020-1226752	Confirmed - Medium Report	7	Whale, humpback	Megaptera	novaeangliae	Nantucket	MA	Atlantic Ocean	actual	actual	27	Advanced Decomposition	Humpback Whale	-7806506.569543075	5048581.505547726	102100	2020-JUL-27	41.24523611000007	-70.12704166999998
195	3276	NE-2018-1207197	Confirmed - High Report	7	Whale, humpback	Megaptera	novaeangliae	Nantucket	MA		estimate	estimate	14	Alive	Humpback Whale	-7802851.853812374	5048343.1285054935	102100	2018-JUL-14	41.243626000000056	-70.09421079999997
196	4281	NE-2017-1211871	Confirmed - Minimum	7	Whale, humpback	Megaptera	novaeangliae	Nantucket	MA	Atlantic Ocean			8	Advanced Decomposition	Humpback Whale	-7799104.639377189	5048404.864858378	102100	2017-AUG-08	41.24404300000003	-70.06054899999998
197	15551	NE-2008-1079325	Confirmed - Medium Report	7	Whale, humpback	Megaptera	novaeangliae	Eez	MA	Atlantic Ocean	actual	actual	13	Advanced Decomposition	Humpback Whale	-7666202.637028403	4975536.3610692555	102100	2008-JUN-13	40.750000000000064	-68.86666999999994
198	16099	NE-2007-1073367	Confirmed - Minimum	7	Whale, humpback	Megaptera	novaeangliae	Unknown	EZ	Atlantic Ocean	actual	actual	18	Moderate Decomposition	Humpback Whale	-7640098.216437384	4863036.359502356	102100	2007-NOV-18	39.980000000000075	-68.63216999999997
199	24412	NE-2000-1033715	Confirmed - High Report	7	Whale, humpback	Megaptera	novaeangliae	Barnstable	MA				7	Advanced Decomposition	Humpback Whale	-7828038.542049763	5121467.952302104	102100	2000-OCT-07	41.73568333000002	-70.32046666999996
200	24922	NE-2001-1036370	Unconfirmed	7	Whale, humpback	Megaptera	novaeangliae	Barnstable	MA	Atlantic Ocean			27	Alive	Humpback Whale	-7805054.777479581	5125394.60138922	102100	2001-MAY-27	41.76200000000005	-70.11399999999998
201	24742	NE-2000-1038610	Unconfirmed	7	Whale, humpback	Megaptera	novaeangliae	Barnstable	MA	Atlantic Ocean			2	Moderate Decomposition	Humpback Whale	-7791455.245983268	5098544.473123899	102100	2000-JUN-02	41.58183333000005	-69.99183332999995
202	5056	NE-2017-1198957	Confirmed - High Report	7	Whale, humpback	Megaptera	novaeangliae	Barnstable	MA	ATLANTIC	actual	actual	18	Alive	Humpback Whale	-7790538.715880137	5101226.108737321	102100	2017-JUN-18	41.59985000000006	-69.98359999999997
203	22196	NE-2003-1034762	Unconfirmed	7	Whale, humpback	Megaptera	novaeangliae	Barnstable	MA		estimate	estimate	1	Moderate Decomposition	Humpback Whale	-7789870.798935373	5102841.4046779815	102100	2003-APR-01	41.610700000000044	-69.97759999999994
204	5055	NE-2017-1198958	Confirmed - High Report	7	Whale, humpback	Megaptera	novaeangliae	Barnstable	MA	ATLANTIC	actual	actual	21	Alive	Humpback Whale	-7788548.434704244	5104834.622530333	102100	2017-JUN-21	41.624086000000034	-69.96572099999996
205	23117	NE-2002-1035830	Confirmed - High Report	7	Whale, humpback	Megaptera	novaeangliae	Barnstable	MA	Atlantic Ocean			18	Alive	Humpback Whale	-7787670.383296299	5105765.011403713	102100	2002-OCT-18	41.630333330000035	-69.95783332999997
206	17201	NE-2006-1063093	Confirmed - Medium Report	7	Whale, humpback	Megaptera	novaeangliae	Unknown	EZ	Atlantic Ocean	estimate	estimate	26	Moderate Decomposition	Humpback Whale	-7699598.038988424	5061633.230110547	102100	2006-NOV-26	41.33333300000004	-69.16666599999996
207	12965	NE-2010-1129060	Confirmed - Medium Report	7	Whale, humpback	Megaptera	novaeangliae	Eez	MA	Atlantic Ocean	actual	actual	26	Moderate Decomposition	Humpback Whale	-7754471.200863114	5106683.476348624	102100	2010-AUG-26	41.63650000000007	-69.65959999999994
208	5057	NE-2017-1198956	Confirmed - High Report	7	Whale, humpback	Megaptera	novaeangliae	Barnstable	MA	ATLANTIC	actual	actual	27	Moderate Decomposition	Humpback Whale	-7776740.664996312	5125889.637500848	102100	2017-JUL-27	41.765317000000046	-69.85964999999999
209	24412	NE-2000-1033715	Confirmed - High Report	7	Whale, humpback	Megaptera	novaeangliae	Barnstable	MA				7	Advanced Decomposition	Humpback Whale	-7828038.542049763	5121467.952302104	102100	2000-OCT-07	41.73568333000002	-70.32046666999996
210	24922	NE-2001-1036370	Unconfirmed	7	Whale, humpback	Megaptera	novaeangliae	Barnstable	MA	Atlantic Ocean			27	Alive	Humpback Whale	-7805054.777479581	5125394.60138922	102100	2001-MAY-27	41.76200000000005	-70.11399999999998
211	24769	NE-2000-1038706	Unconfirmed	7	Whale, humpback	Megaptera	novaeangliae	Barnstable	MA	Atlantic Ocean			12	Advanced Decomposition	Humpback Whale	-7792846.739618184	5135473.488530887	102100	2000-MAY-12	41.829500000000046	-70.00433332999995
212	16408	NE-2007-1069897	Confirmed - Medium Report	7	Whale, humpback	Megaptera	novaeangliae	Barnstable	MA	Atlantic Ocean	estimate	estimate	11	Moderate Decomposition	Humpback Whale	-7786486.686415261	5145906.987615899	102100	2007-AUG-11	41.89930000000003	-69.94719999999995
213	20301	NE-2004-1043475	Unconfirmed	7	Whale, humpback	Megaptera	novaeangliae	Unknown	EZ	Atlantic Ocean	estimate	estimate	12	Condition Unknown	Humpback Whale	-7792364.3555291435	5160979.44404979	102100	2017-JUL-25	42.00000000000005	-69.99999999999993
214	5712	NE-2016-1193599	Confirmed - High Report	7	Whale, humpback	Megaptera	novaeangliae	Barnstable	MA	ATLANTIC	estimate	estimate	7	Moderate Decomposition	Humpback Whale	-7807147.583906494	5171770.803970905	102100	2016-DEC-07	42.07200000000006	-70.13279999999997
215	23118	NE-2002-1035829	Confirmed - High Report	7	Whale, humpback	Megaptera	novaeangliae	Barnstable	MA	Atlantic Ocean			1	Fresh Dead	Humpback Whale	-7819748.950264293	5170596.151498475	102100	2002-OCT-01	42.06416667000008	-70.24599999999998
216	15026	NE-2008-1090577	Confirmed - High Report	7	Whale, humpback	Megaptera	novaeangliae	Eez	MA	Atlantic Ocean	actual	actual	16	Moderate Decomposition	Humpback Whale	-7824461.104309572	5163226.636199625	102100	2008-SEP-16	42.01500000000004	-70.28832999999997
217	23116	NE-2002-1035831	Confirmed - High Report	7	Whale, humpback	Megaptera	novaeangliae	Barnstable	MA	Atlantic Ocean			20	Moderate Decomposition	Humpback Whale	-7825314.924803952	5168047.403065354	102100	2002-NOV-20	42.04716667000008	-70.29599999999994
218	11369	NE-2011-1143178	Confirmed - Medium Report	7	Whale, humpback	Megaptera	novaeangliae		MA	Atlantic Ocean	actual	actual	2	Alive	Humpback Whale	-7827800.689033367	5173144.582058958	102100	2011-JUL-02	42.08116000000006	-70.31832999999993
219	24076	NE-2001-1033267	Unconfirmed	7	Whale, humpback	Megaptera	novaeangliae	Plymouth	MA	Atlantic Ocean			1	Moderate Decomposition	Humpback Whale	-7862866.699327155	5165973.923760251	102100	2001-MAY-20	42.03333333000006	-70.63333332999997
220	6231	NE-2016-1189856	Confirmed - High	7	Whale, humpback	Megaptera	novaeangliae	Plymouth	MA	Massachusetts Bay	estimate	estimate	25	Moderate Decomposition	Humpback Whale	-7863923.975115274	5168381.149840531	102100	2016-APR-25	42.049393000000066	-70.64283099999993
221	3539	NE-2018-1205822	Confirmed - High	7	Whale, humpback	Megaptera	novaeangliae	Norfolk	MA	Massachusetts Bay	actual	actual	7	Moderate Decomposition	Humpback Whale	-7882129.053320117	5199864.715652719	102100	2018-SEP-07	42.25906000000005	-70.80636999999996
222	13595	NE-2010-1116290	Confirmed - Medium	7	Whale, humpback	Megaptera	novaeangliae	Norfolk	MA	Massachusetts Bay	estimate	estimate	26	Advanced Decomposition	Humpback Whale	-7884202.935433598	5200607.7653212035	102100	2018-MAY-18	42.264000000000074	-70.82499999999997
223	14053	NE-2009-1106707	Confirmed - Minimum	7	Whale, humpback	Megaptera	novaeangliae	Norfolk	MA	Massachusetts Bay	estimate	estimate	13	Condition Unknown	Humpback Whale	-7868061.609268571	5201510.333102437	102100	2009-SEP-13	42.270000000000046	-70.67999999999995
224	1376	NE-2019-1218288	Confirmed - High Report	7	Whale, humpback	Megaptera	novaeangliae	Barnstable	MA		actual	actual	4	Moderate Decomposition	Humpback Whale	-7843416.58720185	5204980.001828356	102100	2019-MAY-04	42.293060000000025	-70.45860999999996
225	3538	NE-2018-1205832	Confirmed - High	7	Whale, humpback	Megaptera	novaeangliae	Suffolk	MA	Massachusetts Bay	actual	actual	17	Moderate Decomposition	Humpback Whale	-7871911.705177146	5217541.616256076	102100	2018-SEP-17	42.376476000000025	-70.71458599999994
226	16421	NE-2007-1069025	Confirmed - High Report	7	Whale, humpback	Megaptera	novaeangliae	Barnstable	MA	Atlantic Ocean	actual	actual	24	Moderate Decomposition	Humpback Whale	-7819003.1096759755	5185968.077249577	102100	2007-JUN-24	42.16660000000008	-70.23929999999994
227	13218	NE-2010-1122667	Confirmed - High Report	7	Whale, humpback	Megaptera	novaeangliae	Barnstable	MA	Atlantic Ocean	actual	actual	9	Moderate Decomposition	Humpback Whale	-7825925.289571974	5185732.283449083	102100	2010-SEP-09	42.16503000000006	-70.30148299999996
228	623	NE-2019-1226590	Confirmed - Medium Report	7	Whale, humpback	Megaptera	novaeangliae	Floater	MA	Atlantic Ocean	estimate	estimate	29	Moderate Decomposition	Humpback Whale	-7799607.246878118	5236730.792384137	102100	2019-MAY-29	42.503689000000065	-70.06506399999995
229	7527	NE-2014-1174225	Confirmed - Minimum	7	Whale, humpback	Megaptera	novaeangliae	Unknown	EZ	Atlantic Ocean	estimate	estimate	10	Moderate Decomposition	Humpback Whale	-7738485.721985201	5243575.061361635	102100	2014-JAN-10	42.549000000000035	-69.51599999999996
230	24586	NE-2001-1032916	Unconfirmed	7	Whale, humpback	Megaptera	novaeangliae	Unknown	EZ	Atlantic Ocean			1	Moderate Decomposition	Humpback Whale	-7720006.686513518	5276523.304287943	102100	2001-AUG-01	42.766666670000056	-69.34999999999997
231	24673	NE-2002-1035832	Unconfirmed	7	Whale, humpback	Megaptera	novaeangliae	Unknown	EZ	Atlantic Ocean			1	Moderate Decomposition	Humpback Whale	-7782716.665955994	5261624.283886058	102100	2002-MAY-01	42.66833333000005	-69.91333332999993
232	16618	NE-2007-1067299	Confirmed - High	7	Whale, humpback	Megaptera	novaeangliae	Essex	MA	Massachusetts Bay			13	Alive	Humpback Whale	-7858996.863133273	5256591.225192269	102100	2007-APR-18	42.635080000000066	-70.59856999999994
233	25342	NE-2000-1037117	Unconfirmed	7	Whale, humpback	Megaptera	novaeangliae	Essex	MA	Atlantic Ocean			1	Advanced Decomposition	Humpback Whale	-7861697.844673823	5262961.706855196	102100	2000-NOV-01	42.67716667000008	-70.62283332999995
234	3385	NE-2018-1206807	Confirmed - Medium Report	7	Whale, humpback	Megaptera	novaeangliae	Rockingham	NH		actual	actual	29	Alive	Humpback Whale	-7879071.106908026	5295790.679213519	102100	2018-AUG-29	42.89360000000004	-70.77889999999995
235	6229	NE-2016-1189874	Confirmed - High	7	Whale, humpback	Megaptera	novaeangliae	Rockingham	NH	Gulf of Maine	actual	actual	27	Moderate Decomposition	Humpback Whale	-7875152.660832101	5312276.272293667	102100	2016-JUN-27	43.00200000000006	-70.74369999999993
236	10878	NE-2012-1145515	Confirmed - Medium Report	7	Whale, humpback	Megaptera	novaeangliae	Eez	MA	Atlantic Ocean	actual	actual	20	Moderate Decomposition	Humpback Whale	-7550723.1368641835	5313492.550448727	102100	2012-MAY-20	43.00999000000007	-67.82929999999993
237	22995	NE-2002-1036131	Confirmed - High Report	7	Whale, humpback	Megaptera	novaeangliae	Cumberland	ME	Atlantic Ocean			7	Moderate Decomposition	Humpback Whale	-7818936.317981498	5394471.036314	102100	2002-JUN-07	43.539616670000036	-70.23869999999994
238	5815	NE-2016-1192637	Confirmed - Medium Report	7	Whale, humpback	Megaptera	novaeangliae	Lincoln	ME	Atlantic Ocean	estimate	estimate	6	Advanced Decomposition	Humpback Whale	-7754102.733348588	5431859.051323161	102100	2016-OCT-06	43.782591000000025	-69.65628999999996
239	22483	NE-2003-1034440	Confirmed - High Report	7	Whale, humpback	Megaptera	novaeangliae	Lincoln	ME	Muscongus Bay			30	Moderate Decomposition	Humpback Whale	-7733365.025408711	5436857.499067632	102100	2003-SEP-30	43.81500000000005	-69.46999999999997
240	10839	NE-2012-1146055	Confirmed - Medium Report	7	Whale, humpback	Megaptera	novaeangliae	Knox	ME	Atlantic Ocean	estimate	estimate	1	Mummified/Skeletal	Humpback Whale	-7694073.030021369	5464124.252544436	102100	2012-AUG-01	43.99148300000008	-69.11703399999993
241	21963	NE-2003-1052539	Confirmed - Medium Report	7	Whale, humpback	Megaptera	novaeangliae	Unknown	EZ	Atlantic Ocean			16	Moderate Decomposition	Humpback Whale	-7701824.540123778	5366163.519200145	102100	2003-JUN-16	43.355000000000075	-69.18666699999994
242	14351	NE-2009-1100693	Confirmed - Minimum	7	Whale, humpback	Megaptera	novaeangliae	Eez	ME	Atlantic Ocean	estimate		20	Advanced Decomposition	Humpback Whale	-7681968.816509456	5436317.562622411	102100	2009-JUL-20	43.81150000000007	-69.00829999999996
243	19475	NE-2005-1046899	Confirmed - Medium Report	7	Whale, humpback	Megaptera	novaeangliae	Unknown	EZ	Atlantic Ocean	actual	actual	21	Moderate Decomposition	Humpback Whale	-7653214.992037552	5401186.79983114	102100	2005-JUL-21	43.58333300000004	-68.74999999999994
244	10878	NE-2012-1145515	Confirmed - Medium Report	7	Whale, humpback	Megaptera	novaeangliae	Eez	MA	Atlantic Ocean	actual	actual	20	Moderate Decomposition	Humpback Whale	-7550723.1368641835	5313492.550448727	102100	2012-MAY-20	43.00999000000007	-67.82929999999993
245	21966	NE-2003-1052531	Confirmed - Medium Report	7	Whale, humpback	Megaptera	novaeangliae	Unknown	EZ	Atlantic Ocean			24	Mummified/Skeletal	Humpback Whale	-7321668.479064753	5293724.423322171	102100	2003-AUG-24	42.88000000000005	-65.77166699999998
246	21974	NE-2003-1049859	Confirmed - Medium Report	7	Whale, humpback	Megaptera	novaeangliae	Unknown	EZ	Atlantic Ocean	actual	actual	31	Condition Unknown	Humpback Whale	-7342355.313997339	5318773.042696003	102100	2003-JUL-31	43.044666670000026	-65.95749999999998
247	21975	NE-2003-1049853	Confirmed - Medium Report	7	Whale, humpback	Megaptera	novaeangliae	Unknown	EZ	Atlantic Ocean	actual	actual	30	Condition Unknown	Humpback Whale	-7293281.972177033	5334831.317576804	102100	2003-JUL-30	43.15000000000004	-65.51666666999995
248	3520	NE-2018-1206103	Confirmed - Medium Report	7	Whale, humpback	Megaptera	novaeangliae	Hancock	ME	Atlantic Ocean	actual	actual	29	Advanced Decomposition	Humpback Whale	-7610952.54735789	5482497.801094344	102100	2018-SEP-29	44.11011000000008	-68.37034999999999
249	24477	NE-2002-1035833	Unconfirmed	7	Whale, humpback	Megaptera	novaeangliae	Unknown	EZ	Atlantic Ocean			16	Advanced Decomposition	Humpback Whale	-7530763.552164954	5426835.265468536	102100	2002-MAY-16	43.75000000000005	-67.64999999999996
250	15239	NE-2008-1083061	Confirmed - High Report	7	Whale, humpback	Megaptera	novaeangliae	Hancock	ME	Atlantic Ocean	actual	actual	13	Moderate Decomposition	Humpback Whale	-7534470.49120837	5457707.825688527	102100	2008-JUN-13	43.95000000000004	-67.68329999999997
251	10886	NE-2012-1145367	Confirmed - High Report	7	Whale, humpback	Megaptera	novaeangliae	Hancock	ME	Atlantic Ocean	estimate	estimate	29	Fresh Dead	Humpback Whale	-7595916.401097455	5501617.164992306	102100	2012-JUN-29	44.23330000000004	-68.23527799999994
252	7707	NE-2014-1170403	Confirmed - High Report	7	Whale, humpback	Megaptera	novaeangliae	Hancock	ME	Atlantic Ocean	actual	actual	25	Fresh Dead	Humpback Whale	-7593374.531844683	5505075.611498967	102100	2014-DEC-25	44.25555600000007	-68.21244399999993
253	10895	NE-2012-1145289	Confirmed - Medium Report	7	Whale, humpback	Megaptera	novaeangliae	Hancock	ME	Atlantic Ocean	actual	actual	24	Advanced Decomposition	Humpback Whale	-7579218.477478467	5492823.102133738	102100	2012-AUG-24	44.17667000000005	-68.08527799999996
254	17669	NE-2006-1060547	Confirmed - Medium Report	7	Whale, humpback	Megaptera	novaeangliae	Hancock	ME	Gulf of Maine	estimate	estimate	20	Advanced Decomposition	Humpback Whale	-7553238.957356113	5490236.030035788	102100	2006-JUL-20	44.160000000000025	-67.85189999999994
255	22506	NE-2003-1034411	Confirmed - High Report	7	Whale, humpback	Megaptera	novaeangliae	Hancock	ME				15	Moderate Decomposition	Humpback Whale	-7552062.681032333	5496315.594086723	102100	2003-AUG-15	44.19916667000006	-67.84133332999994
256	7147	NE-2015-1175157	Confirmed - High Report	7	Whale, humpback	Megaptera	novaeangliae	Hancock	ME	Atlantic Ocean	actual	actual	11	Moderate Decomposition	Humpback Whale	-7589192.926492528	5517611.948717447	102100	2015-JUN-11	44.33616000000006	-68.17487999999997
257	87	NE-2020-1227903	Confirmed - High Report	7	Whale, humpback	Megaptera	novaeangliae	Hancock	ME	Atlantic Ocean	actual	actual	9	Advanced Decomposition	Humpback Whale	-7580849.308018591	5524207.72882196	102100	2020-JUL-09	44.37852400000002	-68.09992799999998
258	16376	NE-2007-1070249	Confirmed - High Report	7	Whale, humpback	Megaptera	novaeangliae	Washington	ME	Gulf of Maine	actual	actual	25	Moderate Decomposition	Humpback Whale	-7541895.501244279	5518728.399645787	102100	2007-JUL-25	44.34333300000003	-67.74999999999994
259	19025	NE-2005-1049529	Confirmed - High Report	7	Whale, humpback	Megaptera	novaeangliae	Washington	ME	Pleasant Bay	estimate	estimate	3	Advanced Decomposition	Humpback Whale	-7540147.785238826	5538310.211041551	102100	2005-SEP-03	44.46900000000005	-67.73429999999995
260	15210	NE-2008-1083301	Confirmed - High Report	7	Whale, humpback	Megaptera	novaeangliae	Washington	ME	Atlantic Ocean	estimate	estimate	8	Moderate Decomposition	Humpback Whale	-7532667.115457516	5541290.118761113	102100	2008-SEP-08	44.48810000000004	-67.66709999999995
261	22491	NE-2003-1034431	Confirmed - High Report	7	Whale, humpback	Megaptera	novaeangliae	Washington	ME				9	Advanced Decomposition	Humpback Whale	-7522043.52575721	5538076.228178562	102100	2003-AUG-09	44.46750000000003	-67.57166666999996
262	22491	NE-2003-1034431	Confirmed - High Report	7	Whale, humpback	Megaptera	novaeangliae	Washington	ME				9	Advanced Decomposition	Humpback Whale	-7522043.52575721	5538076.228178562	102100	2003-AUG-09	44.46750000000003	-67.57166666999996
263	6152	NE-2016-1190833	Confirmed - Medium Report	7	Whale, humpback	Megaptera	novaeangliae	Washington	ME	Atlantic Ocean	actual	actual	25	Advanced Decomposition	Humpback Whale	-7514113.495927	5551841.529596557	102100	2016-AUG-25	44.555680000000045	-67.50042999999994
264	15227	NE-2008-1083183	Confirmed - High Report	7	Whale, humpback	Megaptera	novaeangliae	Washington	ME	Atlantic Ocean	actual	actual	15	Advanced Decomposition	Humpback Whale	-7504781.583013802	5558767.9609988965	102100	2008-JUL-14	44.60000000000007	-67.41659999999995
265	3948	NE-2018-1202902	Confirmed - Medium Report	7	Whale, humpback	Megaptera	novaeangliae	Washington	ME	Atlantic Ocean	actual	actual	17	Moderate Decomposition	Humpback Whale	-7461127.533379728	5585971.534556655	102100	2018-APR-17	44.77374000000003	-67.02444899999993
266	11370	NE-2011-1143177	Confirmed - Medium Report	7	Whale, humpback	Megaptera	novaeangliae		MA	Atlantic Ocean	actual	actual	10	Moderate Decomposition	Humpback Whale	-7768820.283226366	5084188.992979918	102100	2011-JUL-10	41.48530000000005	-69.78849999999994
267	12965	NE-2010-1129060	Confirmed - Medium Report	7	Whale, humpback	Megaptera	novaeangliae	Eez	MA	Atlantic Ocean	actual	actual	26	Moderate Decomposition	Humpback Whale	-7754471.200863114	5106683.476348624	102100	2010-AUG-26	41.63650000000007	-69.65959999999994
268	13936	NE-2009-1118643	Confirmed - Medium Report	7	Whale, humpback	Megaptera	novaeangliae	Eez	MA	Atlantic Ocean	estimate	estimate	17	Moderate Decomposition	Humpback Whale	-7731283.350930874	5117383.857047384	102100	2009-AUG-17	41.70830000000006	-69.45129999999995
269	15001	NE-2008-1091495	Confirmed - Medium Report	7	Whale, humpback	Megaptera	novaeangliae	Eez	MA	Atlantic Ocean	actual	actual	24	Moderate Decomposition	Humpback Whale	-7728466.96781381	5132560.719438202	102100	2008-OCT-24	41.810000000000045	-69.42599999999999
270	20575	NE-2004-1042315	Confirmed - High Report	7	Whale, humpback	Megaptera	novaeangliae	Barnstable	MA	Atlantic Ocean			11	Moderate Decomposition	Humpback Whale	-7717427.784605741	5155014.470703278	102100	2004-DEC-11	41.960166670000035	-69.32683332999994
271	16105	NE-2007-1073355	Confirmed - Minimum	7	Whale, humpback	Megaptera	novaeangliae	Unknown	EZ	Atlantic Ocean	actual	actual	29	Advanced Decomposition	Humpback Whale	-7694032.509726721	5193491.01878158	102100	2007-AUG-29	42.21667000000007	-69.11666999999994
272	17201	NE-2006-1063093	Confirmed - Medium Report	7	Whale, humpback	Megaptera	novaeangliae	Unknown	EZ	Atlantic Ocean	estimate	estimate	26	Moderate Decomposition	Humpback Whale	-7699598.038988424	5061633.230110547	102100	2006-NOV-26	41.33333300000004	-69.16666599999996
273	13925	NE-2009-1119563	Confirmed - High Report	7	Whale, humpback	Megaptera	novaeangliae	Eez	MA	Atlantic Ocean	actual	actual	27	Moderate Decomposition	Humpback Whale	-7683827.852005706	5085779.135886455	102100	2009-AUG-27	41.496000000000045	-69.02499999999998
274	16550	NE-2007-1067933	Confirmed - Medium Report	7	Whale, humpback	Megaptera	novaeangliae	Unknown	EZ	Atlantic Ocean	actual	actual	30	Moderate Decomposition	Humpback Whale	-7683271.254551739	5095047.316933986	102100	2007-MAY-30	41.558330000000076	-69.01999999999997
275	20294	NE-2004-1043495	Confirmed - Medium Report	7	Whale, humpback	Megaptera	novaeangliae	Unknown	EZ	Atlantic Ocean	actual	actual	15	Fresh Dead	Humpback Whale	-7664179.9618806895	5135747.383742487	102100	2004-DEC-15	41.83133333000006	-68.84849999999994
276	12699	NE-2011-1129702	Confirmed - Medium Report	7	Whale, humpback	Megaptera	novaeangliae	Eez	MA	Atlantic Ocean	actual	actual	14	Moderate Decomposition	Humpback Whale	-7654328.186945483	5064104.462906825	102100	2011-JAN-14	41.35000000000008	-68.75999999999993
277	19526	NE-2005-1046503	Confirmed - Minimum	7	Whale, humpback	Megaptera	novaeangliae	Unknown	EZ	Atlantic Ocean	actual	actual	12	Moderate Decomposition	Humpback Whale	-7638372.430371613	5054223.470934187	102100	2005-JUL-12	41.28333300000002	-68.61666699999995
278	15002	NE-2008-1091469	Confirmed - Medium Report	7	Whale, humpback	Megaptera	novaeangliae	Eez	MA	Atlantic Ocean	actual	actual	8	Moderate Decomposition	Humpback Whale	-7608865.306905514	5050767.575739299	102100	2008-OCT-08	41.260000000000055	-68.35159999999996
279	17453	NE-2006-1061753	Confirmed - Medium Report	7	Whale, humpback	Megaptera	novaeangliae	Unknown	EZ	Atlantic Ocean	actual	actual	6	Moderate Decomposition	Humpback Whale	-7597740.704912577	5170721.107191434	102100	2006-SEP-06	42.065000000000055	-68.25166599999994
280	13447	NE-2010-1119791	Confirmed - Medium Report	7	Whale, humpback	Megaptera	novaeangliae	Eez	MA	Atlantic Ocean	actual	actual	14	Advanced Decomposition	Humpback Whale	-7570059.332414981	5175220.62301504	102100	2010-JAN-14	42.095000000000034	-68.00299999999999
281	12966	NE-2010-1129057	Confirmed - Medium Report	7	Whale, humpback	Megaptera	novaeangliae	Eez	MA	Atlantic Ocean	actual	actual	1	Condition Unknown	Humpback Whale	-7535394.442981951	5174710.570984211	102100	2010-JUL-01	42.09160000000003	-67.69159999999994
282	16468	NE-2007-1068693	Unconfirmed	7	Whale, humpback	Megaptera	novaeangliae	Unknown	EZ	Atlantic Ocean	actual	actual	2	Condition Unknown	Humpback Whale	-7543751.197155806	5188481.071515981	102100	2007-JUL-02	42.183330000000076	-67.76666999999999
283	3032	NE-2018-1211627	Confirmed - Medium Report	7	Whale, humpback	Megaptera	novaeangliae	Floater	MA				1	Moderate Decomposition	Humpback Whale	-7506674.014357287	5178341.536828044	102100	2018-MAR-01	42.115800000000036	-67.43359999999996
284	21978	NE-2003-1049843	Confirmed - Medium Report	7	Whale, humpback	Megaptera	novaeangliae	Unknown	EZ	Atlantic Ocean	actual	actual	28	Advanced Decomposition	Humpback Whale	-7530021.421855266	5079687.489004208	102100	2003-JUL-28	41.45500000000004	-67.64333332999995
285	24381	NE-2000-1036870	Unconfirmed	7	Whale, humpback	Megaptera	novaeangliae	Unknown	EZ	Atlantic Ocean	estimate	estimate	18	Advanced Decomposition	Humpback Whale	-7525197.57762529	5101248.438166115	102100	2000-AUG-18	41.60000000000008	-67.59999999999997
286	17926	NE-2006-1059095	Confirmed - Minimum	7	Whale, humpback	Megaptera	novaeangliae	Unknown	EZ	Atlantic Ocean	actual	actual	10	Moderate Decomposition	Humpback Whale	-7490873.993751035	5154241.043931321	102100	2006-JUL-10	41.955000000000034	-67.29166599999995
287	6511	NE-2015-1202022	Confirmed - Medium Report	7	Whale, humpback	Megaptera	novaeangliae	Eez	MA	Atlantic Ocean	actual	actual	20	Moderate Decomposition	Humpback Whale	-7488832.839567853	5158482.685882548	102100	2015-MAR-20	41.98333000000007	-67.27332999999999
288	16100	NE-2007-1073365	Confirmed - Minimum	7	Whale, humpback	Megaptera	novaeangliae	Unknown	EZ	Atlantic Ocean	actual	actual	9	Advanced Decomposition	Humpback Whale	-7472691.513402824	5112915.9654236	102100	2007-OCT-09	41.678330000000074	-67.12832999999995
289	17925	NE-2006-1059097	Confirmed - Minimum	7	Whale, humpback	Megaptera	novaeangliae	Unknown	EZ	Atlantic Ocean	actual	actual	10	Advanced Decomposition	Humpback Whale	-7469537.720909162	5118631.422093118	102100	2006-JUL-10	41.71666600000003	-67.09999899999997
290	16123	NE-2007-1073271	Confirmed - Medium Report	7	Whale, humpback	Megaptera	novaeangliae	Unknown	EZ	Atlantic Ocean	actual	actual	24	Advanced Decomposition	Humpback Whale	-7480669.781307983	5121116.895796126	102100	2007-JUL-24	41.733330000000066	-67.19999999999999
291	21980	NE-2003-1049837	Confirmed - Medium Report	7	Whale, humpback	Megaptera	novaeangliae	Unknown	EZ	Atlantic Ocean	actual	actual	23	Moderate Decomposition	Humpback Whale	-7472135.286642767	5134054.336379721	102100	2003-JUL-23	41.82000000000006	-67.12333332999998
292	17672	NE-2006-1060493	Confirmed - Medium Report	7	Whale, humpback	Megaptera	novaeangliae	Unknown	EZ	Atlantic Ocean	actual	actual	22	Moderate Decomposition	Humpback Whale	-7460632.161645702	5148753.962778642	102100	2006-SEP-22	41.91833300000007	-67.01999899999997
293	17511	NE-2006-1061431	Confirmed - Medium Report	7	Whale, humpback	Megaptera	novaeangliae	Unknown	EZ	Atlantic Ocean	actual	actual	21	Moderate Decomposition	Humpback Whale	-7455103.367815964	5105764.962255809	102100	2006-AUG-21	41.630333000000064	-66.97033299999998
294	18982	NE-2005-1050141	Confirmed - Medium Report	7	Whale, humpback	Megaptera	novaeangliae	Unknown	EZ	Atlantic Ocean	actual	actual	1	Advanced Decomposition	Humpback Whale	-7447273.934069999	5111177.821823167	102100	2005-OCT-01	41.666667000000075	-66.89999999999996
295	21967	NE-2003-1052529	Confirmed - Medium Report	7	Whale, humpback	Megaptera	novaeangliae	Unknown	EZ	Atlantic Ocean			17	Fresh Dead	Humpback Whale	-7442264.556984301	5112916.412555844	102100	2003-JUN-17	41.67833300000007	-66.85499999999996
296	15380	NE-2008-1080591	Confirmed - Minimum	7	Whale, humpback	Megaptera	novaeangliae	Floater	MA	Atlantic Ocean	actual	actual	30	Moderate Decomposition	Humpback Whale	-7434905.225447959	5120247.264649966	102100	2008-JUN-30	41.72750000000007	-66.78888999999998
297	17510	NE-2006-1061433	Confirmed - Minimum	7	Whale, humpback	Megaptera	novaeangliae	Unknown	EZ	Atlantic Ocean	actual	actual	22	Moderate Decomposition	Humpback Whale	-7437997.235624229	5123603.90966162	102100	2006-AUG-22	41.75000000000006	-66.81666599999994
298	15613	NE-2008-1078631	Confirmed - Medium Report	7	Whale, humpback	Megaptera	novaeangliae	Unknown	EZ	Atlantic Ocean	actual	actual	9	Moderate Decomposition	Humpback Whale	-7436512.6788950125	5124100.793054089	102100	2008-JUN-09	41.753330000000055	-66.80332999999996
299	17269	NE-2006-1062773	Confirmed - Medium Report	7	Whale, humpback	Megaptera	novaeangliae	Unknown	EZ	Atlantic Ocean	actual	actual	21	Moderate Decomposition	Humpback Whale	-7450984.546656608	5022179.862115617	102100	2006-NOV-21	41.06666600000006	-66.93333299999995
300	20756	NE-2004-1041771	Confirmed - Medium Report	7	Whale, humpback	Megaptera	novaeangliae	Unknown	EZ	Atlantic Ocean	actual	actual	10	Moderate Decomposition	Humpback Whale	-7449871.388484106	5052495.394119166	102100	2004-AUG-10	41.27166667000005	-66.92333332999993
301	21983	NE-2003-1049831	Confirmed - Medium Report	7	Whale, humpback	Megaptera	novaeangliae	Unknown	EZ	Atlantic Ocean	actual	actual	3	Moderate Decomposition	Humpback Whale	-7454324.168115839	5067070.718183053	102100	2003-JUL-03	41.37000000000004	-66.96333332999995
302	21981	NE-2003-1049835	Confirmed - Medium Report	7	Whale, humpback	Megaptera	novaeangliae	Unknown	EZ	Atlantic Ocean	actual	actual	3	Moderate Decomposition	Humpback Whale	-7456179.49333346	5081172.901300235	102100	2003-JUL-03	41.465000000000025	-66.97999999999996
303	22405	NE-2003-1034528	Confirmed - High Report	7	Whale, humpback	Megaptera	novaeangliae	Unknown	EZ	Atlantic Ocean			28	Advanced Decomposition	Humpback Whale	-7443006.687293989	5097031.578225433	102100	2003-JUL-28	41.57166667000007	-66.86166666999998
304	15379	NE-2008-1080593	Confirmed - Minimum	7	Whale, humpback	Megaptera	novaeangliae	Eez	MA	Atlantic Ocean	actual	actual	11	Moderate Decomposition	Humpback Whale	-7436141.984990669	5098767.211848268	102100	2008-JUL-11	41.583330000000046	-66.79999999999995
305	15378	NE-2008-1080595	Confirmed - Minimum	7	Whale, humpback	Megaptera	novaeangliae	Eez	MA	Atlantic Ocean	actual	actual	11	Advanced Decomposition	Humpback Whale	-7426865.731822868	5113661.214764915	102100	2008-JUL-11	41.683330000000076	-66.71666999999998
306	21982	NE-2003-1049833	Confirmed - Medium Report	7	Whale, humpback	Megaptera	novaeangliae	Unknown	EZ	Atlantic Ocean	actual	actual	3	Moderate Decomposition	Humpback Whale	-7421855.984043268	5079935.042310283	102100	2003-JUL-03	41.45666667000007	-66.67166666999998
307	22403	NE-2003-1034530	Confirmed - High Report	7	Whale, humpback	Megaptera	novaeangliae	Unknown	EZ	Atlantic Ocean			28	Advanced Decomposition	Humpback Whale	-7383636.291462111	5110184.376415234	102100	2003-JUL-28	41.660000000000025	-66.32833332999996
308	24469	NE-2003-1034531	Confirmed - High Report	7	Whale, humpback	Megaptera	novaeangliae	Unknown	EZ	Atlantic Ocean			28	Moderate Decomposition	Humpback Whale	-7394749.688035101	5130121.646931979	102100	2003-JUL-28	41.79366667000004	-66.42816666999994
309	21976	NE-2003-1049849	Confirmed - Medium Report	7	Whale, humpback	Megaptera	novaeangliae	Unknown	EZ	Atlantic Ocean	actual	actual	30	Fresh Dead	Humpback Whale	-7407013.384528697	5149252.703844568	102100	2003-JUL-30	41.92166667000003	-66.53833332999993
310	21977	NE-2003-1049847	Confirmed - Medium Report	7	Whale, humpback	Megaptera	novaeangliae	Unknown	EZ	Atlantic Ocean	actual	actual	29	Moderate Decomposition	Humpback Whale	-7432060.269957186	5155738.0547818	102100	2003-JUL-29	41.96500000000003	-66.76333332999995
