Obs Date,Year,Month,Latitude,Longitude,Common Name,Sex,Carcass Condition,Dead Animal Internal Exam (Partial or Complete),Country,State/Province,County,Field Number,Field14
1/15/2016,2016,Jan,36.921417,-75.667414,"Whale, humpback",Male,Moderate Decomposition,No,USA,VA,EEZ,VAQS20161004,
1/27/2016,2016,Jan,33.99518,-77.90637,"Whale, humpback",Male,Fresh Dead,Yes,USA,NC,New Hanover,WAM709,
2/17/2016,2016,Feb,33.21143,-79.18188,"Whale, humpback",Male,Moderate Decomposition,Yes,USA,SC,Georgetown,SC1602,
2/19/2016,2016,Feb,35.29202,-75.51358,"Whale, humpback",Female,Moderate Decomposition,No,USA,NC,Dare,CAHA341,
3/16/2016,2016,Mar,41.20787,-71.55622,"Whale, humpback",Male,Moderate Decomposition,No,USA,RI,Washington,SYMn1610,
3/24/2016,2016,Mar,39.720539,-74.121103,"Whale, humpback",Unk,Moderate Decomposition,No,USA,NJ,Ocean,MMSC-16-030,
4/23/2016,2016,Apr,41.465721,-71.302361,"Whale, humpback",Male,Fresh Dead,No,USA,RI,Newport,SYMn1623,
4/25/2016,2016,Apr,42.049393,-70.642831,"Whale, humpback",Female,Moderate Decomposition,Yes,USA,MA,Plymouth,NEAQ-16-023-Mn,
4/26/2016,2016,Apr,40.9953,-72.0922,"Whale, humpback",Female,Advanced Decomposition,Yes,USA,NY,Suffolk,NY5460-2016,
6/4/2016,2016,Jun,40.7997,-72.7265,"Whale, humpback",Unk,Advanced Decomposition,Yes,USA,NY,Suffolk,NY5481-2016,
6/17/2016,2016,Jun,38.56705,-75.05687,"Whale, humpback",Male,Moderate Decomposition,Yes,USA,DE,Sussex,MERRST1511Mn,
6/24/2016,2016,Jun,40.8133,-72.5751,"Whale, humpback",Female,Advanced Decomposition,Yes,USA,NY,Suffolk,NY5488-2016,
6/27/2016,2016,Jun,43.002,-70.7437,"Whale, humpback",Female,Moderate Decomposition,Yes,USA,NH,Rockingham,SSC-16-022 Mn,
7/5/2016,2016,Jul,38.822233,-75.036667,"Whale, humpback",Male,Fresh Dead,No,USA,DE,EEZ,MERRST1519Mn,
7/12/2016,2016,Jul,38.2531043,-75.1281681,"Whale, humpback",Unk,Advanced Decomposition,No,USA,MD,Worcester,16-MNO-21,
8/25/2016,2016,Aug,44.55568,-67.50043,"Whale, humpback",Male,Advanced Decomposition,No,USA,ME,Washington,COA160825Mn,
9/12/2016,2016,Sep,41.350507,-70.574146,"Whale, humpback",Male,Moderate Decomposition,Yes,USA,MA,Dukes,IFAW16-172Mn,
9/16/2016,2016,Sep,39.169567,-74.678493,"Whale, humpback",Male,Moderate Decomposition,Yes,USA,NJ,Cape May,MMSC-16-083,
10/6/2016,2016,Oct,43.782591,-69.65629,"Whale, humpback",Male,Advanced Decomposition,No,USA,ME,Lincoln,MME-16-260Mn,
10/27/2016,2016,Oct,33.84367,-77.96867,"Whale, humpback",Female,Fresh Dead,Yes,USA,NC,Brunswick,WAM714,
10/28/2016,2016,Oct,39.717316,-75.518067,"Whale, humpback",Female,Moderate Decomposition,No,USA,DE,New Castle,MERRCA1538Mn,
11/18/2016,2016,Nov,40.398667,-73.834333,"Whale, humpback",Unk,Moderate Decomposition,No,USA,NJ,EEZ,NMFSGAR111816Mn,
11/23/2016,2016,Nov,40.7901,-72.7397,"Whale, humpback",Female,Moderate Decomposition,Yes,USA,NY,Suffolk,NY5541-2016,
12/8/2016,2016,Dec,42.07341667,-70.12316667,"Whale, humpback",Female,Moderate Decomposition,Yes,USA,MA,Barnstable,IFAW16-227Mn,
12/11/2016,2016,Dec,37.643056,-76.123056,"Whale, humpback",Unk,Fresh Dead,No,USA,VA,EEZ,VAQS20161078,
12/19/2016,2016,Dec,36.53208,-75.864238,"Whale, humpback",Female,Moderate Decomposition,Yes,USA,NC,Currituck,KLC266,
1/12/2017,2017,Jan,39.469517,-74.300101,"Whale, humpback",Male,Fresh Dead,Yes,USA,NJ,Atlantic,MMSC-17-002,
1/16/2017,2017,Jan,36.1187582,-75.7204116,"Whale, humpback",Female,Advanced Decomposition,Yes,USA,NC,Dare,KLC268,
1/24/2017,2017,Jan,37.29159,-76.01563,"Whale, humpback",Male,Advanced Decomposition,No,USA,VA,Northampton,VAQS20171004,
1/26/2017,2017,Jan,34.71946,-76.44694,"Whale, humpback",Female,Fresh Dead,Yes,USA,NC,Carteret,CALO17-02,
2/2/2017,2017,Feb,36.9991,-76.318,"Whale, humpback",Male,Moderate Decomposition,Yes,USA,VA,Hampton,VAQS20171005,
2/5/2017,2017,Feb,37.112983,-76.07425,"Whale, humpback",Male,Moderate Decomposition,Yes,USA,VA,EEZ,VAQS20171006,
2/11/2017,2017,Feb,39.358997,-75.356589,"Whale, humpback",Unk,Moderate Decomposition,No,USA,NJ,Cumberland,MMSC-17-008,
2/11/2017,2017,Feb,36.949316,-76.030037,"Whale, humpback",Male,Moderate Decomposition,Yes,USA,VA,Virginia Beach,VAQS20171007,
2/17/2017,2017,Feb,35.983444,-75.166861,"Whale, humpback",Unk,Moderate Decomposition,No,USA,NC,EEZ,NCUR20170217,
2/20/2017,2017,Feb,38.0706,-74.9735,"Whale, humpback",Unk,Moderate Decomposition,No,USA,MD,EEZ,17-MNO-02,
2/25/2017,2017,Feb,37.857323,-75.371567,"Whale, humpback",Unk,Advanced Decomposition,No,USA,VA,Accomack,VAQS20171008,
3/17/2017,2017,Mar,35.30663,-75.51,"Whale, humpback",Female,Moderate Decomposition,No,USA,NC,Dare,CAHA391,
3/24/2017,2017,Mar,35.62302,-75.46765,"Whale, humpback",Unk,Advanced Decomposition,No,USA,NC,Dare,CAHA392,
4/1/2017,2017,Apr,35.48011,-75.47974,"Whale, humpback",Male,Moderate Decomposition,No,USA,NC,Dare,CAHA393,
4/3/2017,2017,Apr,40.576225,-73.8362,"Whale, humpback",Male,Moderate Decomposition,Yes,USA,NY,Queens,AMCS20Mn2017,
4/23/2017,2017,Apr,39.181077,-75.403408,"Whale, humpback",Unk,Advanced Decomposition,No,USA,DE,New Castle,MERRST1547Mn,
5/4/2017,2017,May,38.734638,-75.07848,"Whale, humpback",Male,Moderate Decomposition,Yes,USA,DE,Sussex,MERR-ST1580Mn,
5/17/2017,2017,May,36.8724,-75.4349,"Whale, humpback",Unk,Moderate Decomposition,No,USA,Va,EEZ,VAQS20171049,
6/3/2017,2017,Jun,39.6293,-73.9746,"Whale, humpback",Unk,Fresh Dead,No,USA,NJ,EEZ,MMSC-17-092,
6/15/2017,2017,Jun,41.4545,-71.40061,"Whale, humpback",Female,Advanced Decomposition,Yes,USA,RI,Newport,SxMn1746,
6/18/2017,2017,Jun,41.59985,-69.9836,"Whale, humpback",Male,Fresh Dead,Yes,USA,MA,Barnstable,IFAW17-270Mn,
6/21/2017,2017,Jun,41.624086,-69.965721,"Whale, humpback",Male,Fresh Dead,Yes,USA,MA,Barnstable,IFAW17-274Mn,
7/6/2017,2017,Jul,41.12505,-70.561933,"Whale, humpback",Unk,Advanced Decomposition,No,USA,MA,EEZ,NMFSGAR070617Mn,
7/27/2017,2017,Jul,41.765317,-69.85965,"Whale, humpback",Female,Moderate Decomposition,Yes,USA,MA,EEZ,IFAW17-317Mn,
8/8/2017,2017,Aug,41.244043,-70.060549,"Whale, humpback",Unk,Advanced Decomposition,No,USA,MA,Nantucket,NMFSGAR080817Mn,
8/17/2017,2017,Aug,41.6055556,-67.61055556,"Whale, humpback",Unk,Advanced Decomposition,No,USA,MA ,EEZ,NMFSGAR081717Mn3,
9/5/2017,2017,Sep,41.1519889,-71.5522528,"Whale, humpback",Male,Moderate Decomposition,Yes,USA,RI,Washington,SYMn1755,
10/1/2017,2017,Oct,41.1728,-71.5543,"Whale, humpback",Female,Advanced Decomposition,Yes,USA,RI,Washington,SXMn1758,
10/19/2017,2017,Oct,41.1895,-72.1666,"Whale, humpback",Female,Advanced Decomposition,No,USA,NY,Suffolk,AMCS117Mn2017,
10/20/2017,2017,Oct,40.64,-72.47,"Whale, humpback",Unk,Fresh Dead,No,USA,NY,EEZ,NMFSGAR102017Mn,
10/31/2017,2017,Oct,41.1895,-72.1666,"Whale, humpback",Unk,Mummified/Skeletal Remains,No,USA,NY,Suffolk,AMCS121Mn2017,
11/26/2017,2017,Nov,36.91309,-76.080326,"Whale, humpback",Female,Moderate Decomposition,Yes,USA,VA,Virginia Beach,VAQS20171090,
12/19/2017,2017,Dec,40.67533,-69.939167,"Whale, humpback",Unk,Moderate Decomposition,No,USA,MA,EEZ,NMFSGAR121917Mn,
12/26/2017,2017,Dec,40.583436,-73.702792,"Whale, humpback",Female,Moderate Decomposition,Yes,USA,NY,Nassau,AMCS154Mn2017,
1/7/2018,2018,Jan,37.124171,-75.096376,"Whale, humpback",Male,Moderate Decomposition,Yes,USA,VA,EEZ,VAQS20181002,
1/22/2018,2018,Jan,36.696667,-75,"Whale, humpback",Unk,Moderate Decomposition,No,USA,VA,EEZ,VAQS20181006,
1/28/2018,2018,Jan,30.5997,-81.4422,"Whale, humpback",Male,Advanced Decomposition,Yes,USA,FL,Nassau,MnNEFL1802,
2/5/2018,2018,Feb,34.60827,-76.52822,"Whale, humpback",Male,Advanced Decomposition,No,USA,NC,Carteret,CALO18-05,
2/11/2018,2018,Feb,37.853154,-75.393012,"Whale, humpback",Female,Moderate Decomposition,Yes,USA,VA,Accomack,VAQS20181007,
2/12/2018,2018,Feb,40.54302,-73.93919,"Whale, humpback",Female,Moderate Decomposition,Yes,USA,NY,Queens,AMCS06Mn2018,
2/14/2018,2018,Feb,29.479739,-81.12652,"Whale, humpback",Unk,Mummified/Skeletal Remains,Yes,USA,FL,Flager,GACFS-18-05-Mn,
2/24/2018,2018,Feb,30.87763,-80.89457,"Whale, humpback",Unk,Fresh Dead,No,USA,GA,EEZ,GA2018008,
2/28/2018,2018,Feb,36.308458,-75.431021,"Whale, humpback",Female,Moderate Decomposition,No,USA,NC,EEZ,NCRU20180228Mn,
2/28/2018,2018,Feb,39.391354,-72.9566171,"Whale, humpback",Unk,Unknown,No,USA,NY,EEZ,NMFSGAR022818Mn,
3/1/2018,2018,Mar,42.1158333,-67.43361111,"Whale, humpback",Unk,Moderate Decomposition,No,USA,MA,EEZ,NMFSGAR030118Mn,
4/17/2018,2018,Apr,44.77374,-67.024449,"Whale, humpback",Female,Advanced Decomposition,Yes,USA,ME,Washington,COA180417Mn ,
5/5/2018,2018,May,40.4674,-74.0104,"Whale, humpback",Male,Moderate Decomposition,Yes,USA,NJ,Monmouth,MMSC-18-104_AMCS53Mn2018,
5/18/2018,2018,May,40.583583,-73.67485,"Whale, humpback",Female,Moderate Decomposition,Yes,USA,NY,Nassau,AMCS69Mn2018,
5/22/2018,2018,May,40.316861,-73.816917,"Whale, humpback",Male,Moderate Decomposition,No,USA,NJ,EEZ,MMSC-18-130,
5/22/2018,2018,May,41.01247,-70.42068,"Whale, humpback",Unk,Unknown,No,USA,MA,EEZ,NMFSGARFO052218Mn,
5/27/2018,2018,May,40.6484,-73.134,"Whale, humpback",Female,Advanced Decomposition,Yes,USA,NY,Suffolk,AMCS73Mn2018,
5/31/2018,2018,May,37.73515147,-75.56317,"Whale, humpback",Unk,Mummified/Skeletal Remains,Yes,USA,VA,Accomack,VAQS20181049,
6/1/2018,2018,Jun,40.556721,-73.902662,"Whale, humpback",Male,Advanced Decomposition,Yes,USA,NY,Queens,AMCS76Mn2018,
6/14/2018,2018,Jun,40.59333,-73.736,"Whale, humpback",Male,Moderate Decomposition,Yes,USA,NY,Nassau,AMCS83Mn2018,
7/26/2018,2018,Jul,40.9972,-72.0386,"Whale, humpback",Female,Advanced Decomposition,Yes,USA,NY,Suffolk,AMCS123Mn2018,
8/28/2018,2018,Aug,40.637101,-73.185207,"Whale, humpback",Male,Advanced Decomposition,Yes,USA,NY,Suffolk,AMCS139Mn2018,
9/7/2018,2018,Sep,42.25906,-70.80637,"Whale, humpback",Male,Moderate Decomposition,No,USA,MA,Norfolk,SSC-18-173Mn,
9/17/2018,2018,Sep,42.5605556,-70.92666667,"Whale, humpback",Female,Moderate Decomposition,No,USA,MA,Essex,NEAQ-18-109Mn_NMFSGARFO091718Mn             ,
9/29/2018,2018,Sep,44.121,-68.3681,"Whale, humpback",Unk,Advanced Decomposition,No,USA,ME,Hancock,COA180929Mn,
12/16/2018,2018,Dec,38.8051042,-75.094573,"Whale, humpback",Female,Moderate Decomposition,Yes,USA,DE,Sussex,MERR-ST1730Mn,
2/3/2019,2019,Feb,35.791975,-74.599389,"Whale, humpback",Unk,Moderate Decomposition,No,USA,NC,EEZ,NCUR20190203,
2/12/2019,2019,Feb,35.8025,-75.5433,"Whale, humpback",Male,Moderate Decomposition,Yes,USA,NC,Dare,CAHA451,
2/17/2019,2019,Feb,36.2817651,-75.7934379,"Whale, humpback",Male,Fresh Dead,Yes,USA,NC,Currituck,KLC310,
2/17/2019,2019,Feb,36.6583,-75.9041,"Whale, humpback",Female,Moderate Decomposition,Yes,USA,VA,Virginia Beach,VAQS20191003,
3/13/2019,2019,Mar,36.61778,-75.805,"Whale, humpback",Female,Moderate Decomposition,Yes,USA,VA,EEZ,VAQS20191009,
3/15/2019,2019,Mar,37.4859,-75.67815,"Whale, humpback",Female,Moderate Decomposition,No,USA,VA,Accomack,VAQS20191011,
3/17/2019,2019,Mar,36.333674,-75.811672,"Whale, humpback",Female,Moderate Decomposition,Yes,USA,NC,Currituck,KLC319,
3/24/2019,2019,Mar,31.90402,-80.2366,"Whale, humpback",Unk,Moderate Decomposition,No,USA,GA,EEZ,GA2019012,
4/14/2019,2019,Apr,37.20105,-75.828477,"Whale, humpback",Male,Moderate Decomposition,Yes,USA,VA,Northampton,VAQS20191024,
5/2/2019,2019,May,36.85667,-74.541667,"Whale, humpback",Unk,Advanced Decomposition,No,USA,VA,EEZ,VAQS20191045,
5/4/2019,2019,May,42.29306,-70.45861,"Whale, humpback",Female,Moderate Decomposition,Yes,USA,MA,EEZ,IFAW19-287Mn,
5/5/2019,2019,May,40.7676,-72.741,"Whale, humpback",Female,Fresh Dead,Yes,USA,NY,Suffolk,AMCS110Mn2019,
5/29/2019,2019,May,42.503689,-70.065064,"Whale, humpback",Unk,Moderate Decomposition,No,USA,MA,EEZ,NMFSGAR05292019Mn,
6/6/2019,2019,Jun,39.196448,-74.650725,"Whale, humpback",Female,Advanced Decomposition,Yes,USA,DE,Cape May,MMSC-19-115,
6/16/2019,2019,Jun,41.76666667,-66.81666667,"Whale, humpback",Unk,Unknown,No,USA,MA,EEZ,GARFO061619Mn,
7/25/2019,2019,Jul,40.995,-71.759,"Whale, humpback",Female,Advanced Decomposition,Yes,USA,NY,EEZ,AMCS165Mn2019,
8/9/2019,2019,Aug,40.6545,-72.7029,"Whale, humpback",Male,Advanced Decomposition,Yes,USA,NY,EEZ,AMCS171Mn2019,
8/10/2019,2019,Aug,40.33875,-73.92265,"Whale, humpback",Female,Advanced Decomposition,Yes,USA,NJ,Monmouth,MMSC-19-147,
8/26/2019,2019,Aug,42.2313889,-70.61916667,"Whale, humpback",Unk,Advanced Decomposition,No,USA,MA,EEZ,IFAW19-412Mn,
9/30/2019,2019,Sep,40.58199,-73.6493,"Whale, humpback",Male,Moderate Decomposition,Yes,USA,NY,Nassau,AMCS190Mn2019,
10/4/2019,2019,Oct,39.138255,-75.409333,"Whale, humpback",Unk,Moderate Decomposition,No,USA,NJ,Cumberland,MMSC-19-172,
10/9/2019,2019,Oct,39.773099,-74.094958,"Whale, humpback",Male,Moderate Decomposition,No,USA,NJ,Ocean,MMSC-19-177,
10/18/2019,2019,Oct,39.895392,-74.079367,"Whale, humpback",Unk,Moderate Decomposition,No,USA,NJ,Ocean,MMSC-19-181,
10/26/2019,2019,Oct,39.896979,-74.032293,"Whale, humpback",Unk,Fresh Dead,Yes,USA,NJ,Ocean,MMSC-19-185,
10/29/2019,2019,Oct,36.882978,-75.982775,"Whale, humpback",Male,Moderate Decomposition,Yes,USA,VA,Virginia Beach,VAQS20191101,
11/14/2019,2019,Nov,40.8608,-72.4145,"Whale, humpback",Female,Moderate Decomposition,Yes,USA,NY,Suffolk,AMCS207Mn2019,
12/13/2019,2019,Dec,41.172667,-71.13225,"Whale, humpback",Male,Advanced Decomposition,Yes,USA,RI,EEZ,SYMn19123,
1/15/2020,2020,Jan,38.6175,-75.04694,"Whale, humpback",Unk,Unknown,No,USA,DE,Sussex,MERR-ST1843Mn,
1/23/2020,2020,Jan,36.334,-75.8122,"Whale, humpback",Female,Moderate Decomposition,Yes,USA,NC,Currituck,KLC333,
1/28/2020,2020,Jan,37.662767,-76.153683,"Whale, humpback",Male,Moderate Decomposition,No,USA,VA,EEZ,VAQS20201002,
2/4/2020,2020,Feb,37.087341,-75.940227,"Whale, humpback",Male,Moderate Decomposition,No,USA,VA,Northampton,VAQS20201004,
2/5/2020,2020,Feb,37.385,-75.618,"Whale, humpback",Male,Moderate Decomposition,No,USA,VA,EEZ,VAQS20201005,
2/8/2020,2020,Feb,41.92581,-70.06562,"Whale, humpback",Female,Moderate Decomposition,Yes,USA,MA,Barnstable,IFAW20-009Mn,
2/17/2020,2020,Feb,39.593,-72.41,"Whale, humpback",Unk,Moderate Decomposition,No,USA,NY,EEZ,NMFSGAR02172020Mn,
3/5/2020,2020,Mar,35.9541,-75.621,"Whale, humpback",Male,Moderate Decomposition,Yes,USA,NC,Dare,JPIER023,
3/11/2020,2020,Mar,40.83361,-70.61722,"Whale, humpback",Unk,Moderate Decomposition,No,USA,MA,EEZ,NMFSGAR03112020Mn,
3/31/2020,2020,Mar,40.5643,-73.8726,"Whale, humpback",Female,Moderate Decomposition,No,USA,NY,Queens,AMCS42Mn2020,
4/9/2020,2020,Apr,33.9062,-78.09578,"Whale, humpback",Unk,Moderate Decomposition,No,USA,NC,Brunswick,WAM737,
4/10/2020,2020,Apr,29.3088,-81.045611,"Whale, humpback",Male,Advanced Decomposition,Yes,USA,FL,Volusia,Hubbs-2014-Mn,
4/30/2020,2020,Apr,40.513333,-73.980555,"Whale, humpback",Male,Moderate Decomposition,No,USA,NJ,EEZ,MMSC-20-073,
5/22/2020,2020,May,40.7654,-72.7488,"Whale, humpback",Male,Advanced Decomposition,Yes,USA,NY,Suffolk,AMCS76Mn2020,
5/30/2020,2020,May,40.96814,-72.1249,"Whale, humpback",Female,Advanced Decomposition,Yes,USA,NY,Suffolk,AMCS80Mn2020,
7/9/2020,2020,Jul,44.378524,-68.099928,"Whale, humpback",Unk,Mummified/Skeletal Remains,No,USA,ME,Hancock,COA200709Mn,
7/16/2020,2020,Jul,41.404131,-70.188958,"Whale, humpback",Unk,Moderate Decomposition,No,USA,MA,EEZ,NMFSGAR07162020Mn,
7/17/2020,2020,Jul,41.0573,-71.805,"Whale, humpback",Unk,Moderate Decomposition,No,USA,NY,Suffolk,AMCS101Mn2020,
7/18/2020,2020,Jul,40.7342,-72.8576,"Whale, humpback",Female,Advanced Decomposition,Yes,USA,NY,Suffolk,AMCS104Mn2020,
7/25/2020,2020,Jul,40.950239,-71.61673,"Whale, humpback",Unk,Moderate Decomposition,No,USA,NY,EEZ,NMFSGAR07252020Mn,
7/27/2020,2020,Jul,41.2452,-70.127,"Whale, humpback",Female,Advanced Decomposition,No,USA,MA,Nantucket,MMAN20-169,
8/5/2020,2020,Aug,41.28362,-70.23483,"Whale, humpback",Unk,Advanced Decomposition,No,USA,MA,Nantucket,MMAN20-174_NMFSGAR08082020Mn,
9/14/2020,2020,Sep,40.900156,-70.216776,"Whale, humpback",Unk,Unknown,No,USA,MA ,EEZ,NMFSGAR09142020Mn,
9/16/2020,2020,Sep,39.316604,-74.457123,"Whale, humpback",Female,Moderate Decomposition,Yes,USA,NJ,Atlantic,MMSC-20-144_AMCS140Mn2020 ,
10/27/2020,2020,Oct,40.718,-72.9123,"Whale, humpback",Male,Moderate Decomposition,Yes,USA,NY,Suffolk,AMCS163Mn2020,
11/4/2020,2020,Nov,39.001394,-74.706667,"Whale, humpback",Female,Moderate Decomposition,No,USA,NJ,EEZ,MMSC-20-156,
11/7/2020,2020,Nov,41.65578,-69.979175,"Whale, humpback",Male,Moderate Decomposition,Yes,USA,MA,Barnstable,IFAW20-251Mn,
11/8/2020,2020,Nov,40.8079,-71.7308,"Whale, humpback",Unk,Moderate Decomposition,No,USA,NY,EEZ,AMCS169Mn2020,
11/27/2020,2020,Dec,40.9194444,-70.61027778,"Whale, humpback",Unk,Advanced Decomposition,No,USA,MA,EEZ,MMAN20-189,
12/4/2020,2020,Dec,41.168854,-70.12716,"Whale, humpback",Unk,Unknown,No,USA,MA,EEZ,NMFSGAR12042020Mn,
12/11/2020,2020,Dec,36.883333,-75.863333,"Whale, humpback",Unk,Moderate Decomposition,No,USA,VA,EEZ,VAQS20201094,
12/24/2020,2020,Dec,39.730746,-74.119083,"Whale, humpback",Male,Moderate Decomposition,Yes,USA,NJ,Ocean,MMSC-20-160,
12/28/2020,2020,Dec,42.065615,-70.244772,"Whale, humpback",Male,Moderate Decomposition,Yes,USA,MA,Barnstable,IFAW-20-307Mn,
1/6/2021,2021,Jan,35.7648,-75.5572,"Whale, humpback",Female,Moderate Decomposition,No,USA,NC,Dare,KLC352,
2/18/2021,2021,Feb,38.243085,-75.132879,"Whale, humpback",Unk,Moderate Decomposition,Yes,USA,MD,Worcester,21-MNO-02,
3/18/2021,2021,Mar,35.61345,-75.46645,"Whale, humpback",Unk,Advanced Decomposition,No,USA,NC,Dare,CAHA527,
3/19/2021,2021,Mar,36.2849,-75.79441,"Whale, humpback",Unk,Moderate Decomposition,No,USA,NC,Currituck,KLC357,
4/11/2021,2021,Apr,41.333377,-70.640908,"Whale, humpback",Unk,Moderate Decomposition,No,USA,MA,Dukes,NMFSGAR04112021Mn,
7/20/2021,2021,Jul,41.5275,-69.296,"Whale, humpback",Unk,Advanced Decomposition,No,USA,MA,EEZ,NMFSGAR07202021Mn,
8/16/2021,2021,Aug,42.228855,-70.316827,"Whale, humpback",Unk,Advanced Decomposition,No,USA,MA,EEZ,NMFSGAR08162021Mn,
9/17/2021,2021,Sep,40.541871,-74.125844,"Whale, humpback",Male,Moderate Decomposition,Yes,USA,NY,Richmond,AMCS130Mn2021,
9/20/2021,2021,Sep,37.1875,-75.89497,"Whale, humpback",Unk,Mummified/Skeletal Remains,No,USA,VA,Northampton,VAQS20211066,
11/22/2021,2021,Nov,42.03363,-70.169556,"Whale, humpback",Unk,Fresh Dead,Yes,USA,MA,Barnstable,IFAW21-284Mn,
1/8/2022,2022,Jan,41.485349,-71.190541,"Whale, humpback",Female,Moderate Decomposition,Yes,USA,RI,Newport,SXMn2202_AMCS003Mn2022,
3/2/2022,2022,Mar,36.60651,-74.8961,"Whale, humpback",Unk,Advanced Decomposition,No,USA,VA,Virginia Beach,VAQS20221006,
3/16/2022,2022,Mar,34.047883,-77.825633,"Whale, humpback",Male,Advanced Decomposition,Yes,USA,NC,EEZ,WAM747,
5/1/2022,2022,May,42.1544167,-70.2214722,"Whale, humpback",Male,Moderate Decomposition,Yes,USA,MA,Barnstable,IFAW22-097Mn,
5/24/2022,2022,May ,39.120043,-74.729595,"Whale, humpback",Unk,Advanced Decomposition,No,USA,NJ,Cape May,MMSC-22-072,
5/25/2022,2022,May ,41.284727,-70.212227,"Whale, humpback",Unk,Advanced Decomposition,No,USA,MA,Nantucket,NMFSGAR05252022Mn_MMAN22-101,
7/9/2022,2022,Jul,39.045933,-74.74333,"Whale, humpback",Male,Moderate Decomposition,Yes,USA,NJ,Cape May,MMSC-22-095,
7/26/2022,2022,Jul,41.882988,-70.046529,"Whale, humpback",Female,Fresh Dead,Yes,USA,MA,Barnstable,IFAW22-177Mn,
7/30/2022,2022,Jul,43.27667,-69.903889,"Whale, humpback",Unk,Unknown,No,USA,ME,EEZ,NMFSGAR073022Mn,
9/2/2022,2022,Sep,40.98944,-71.0508,"Whale, humpback",Unk,Advanced Decomposition,No,USA,RI,EEZ,SUMn2259Mn,
10/13/2022,2022,Oct,41.176248,-71.539367,"Whale, humpback",Male,Moderate Decomposition,Yes,USA,RI,Washington,SYMn2263,
10/31/2022,2022,Oct,43.82797,-69.566442,"Whale, humpback",Male,Advanced Decomposition,No,USA,ME,Lincoln,MME-22-418Mn,
11/12/2022,2022,Nov,40.72302,-72.89396,"Whale, humpback",Unk,Advanced Decomposition,No,USA,NY,Suffolk,AMCS123Mn2022,
12/3/2022,2022,Dec,40.981,-72.41743,"Whale, humpback",Female,Moderate Decomposition,Yes,USA,NY,Suffolk,AMCS160Mn2022,
12/5/2022,2022,Dec,35.291305,-75.513288,"Whale, humpback",Female,Advanced Decomposition,Yes,USA,NC,Dare,CAHA 586Mn,
12/10/2022,2022,Dec,39.18651,-74.665974,"Whale, humpback",Female,Fresh Dead,No,USA,NJ,Cape May,MMSC-22-151,
12/21/2022,2022,Dec,36.416853,-74.783453,"Whale, humpback",Unk,Advanced Decomposition,No,USA,NC,EEZ,NCUR20221221,
12/23/2022,2022,Dec,39.350358,-74.446686,"Whale, humpback",Female,Moderate Decomposition,No,USA,NJ,Atlantic,MMSC-22-154,
12/28/2022,2022,Dec,34.893952,-76.261643,"Whale, humpback",Female,Moderate Decomposition,Yes,USA,NC,Carteret,CALO22-06,
1/7/2023,2023,Jan,39.352564,-74.438584,"Whale, humpback",Female,Moderate Decomposition,Yes,USA,NJ,Atlantic,MMSC-23-001,
1/12/2023,2023,Jan,36.9203588,-76.0648251,"Whale, humpback",Unk,Unknown,Yes,USA,VA,Virginia Beach,VAQS20231002,
1/12/2023,2023,Jan,39.43341,-74.336033,"Whale, humpback",Unk,Unknown,Yes,USA,NJ,Atlantic,MMSC-23-002,
1/16/2023,2023,Jan,38.131602,-75.177917,"Whale, humpback",Female,Moderate Decomposition,Yes,USA,MD,Worcester,23-MNO-01,
1/18/2023,2023,Jan,39.333667,-73.489433,"Whale, humpback",Unk,Moderate Decomposition,No,USA,NJ,EEZ,MMSC-23-003,
1/28/2023,2023,Jan,39.431517,-74.0971,"Whale, humpback",Unk,Unknown,No,USA,NJ,EEZ,MMSC-23-005,
1/30/2023,2023,Jan,40.585341,-73.622896,"Whale, humpback",Male,Moderate Decomposition,Yes,USA,NY,Nassau,AMCS013Mn2023,
2/7/2023,2023,Feb,36.9405,-76.044667,"Whale, humpback",Female,Moderate Decomposition,Yes,USA,VA,Northumberland,VAQS20231003,
2/11/2023,2023,Feb,37.2426556,-76.0190306,"Whale, humpback",Female,Moderate Decomposition,Yes,USA,VA,Northampton,VAQS20231004,
2/13/2023,2023,Feb,40.103389,-74.033872,"Whale, humpback",Female,Moderate Decomposition,Yes,USA,NJ,Monmouth,MMSC-23-015-Mn_AMCS018Mn2023,
2/27/2023,2023,Feb,40.4936,-73.8885,"Whale, humpback",Unk,Moderate Decomposition,No,USA,NY,EEZ,AMCS022Mn2023,
3/1/2023,2023,Mar,39.931917,-74.071392,"Whale, humpback",Female,Moderate Decomposition,Yes,USA,NJ,Ocean,MMSC-23-016-Mn,
3/9/2023,2023,Mar,37.23713,-76.01584,"Whale, humpback",Female,Moderate Decomposition,No,USA,VA,Northampton,VAQS20231010,
3/10/2023,2023,Mar,37.86883,-75.26583,"Whale, humpback",Unk,Moderate Decomposition,No,USA,VA,EEZ,VAQS20231011,
3/23/2023,2023,Mar,39.73515,-72.75266,"Whale, humpback",Unk,Moderate Decomposition,No,USA,NJ,EEZ,MMSC-23-056,
4/3/2023,2023,Apr,37.64715,-76.00425,"Whale, humpback",Unk,Moderate Decomposition,No,USA,VA,EEZ,VAQS20231016,
5/15/2023,2023,May,36.0941,-75.7066,"Whale, humpback",Unk,Advanced Decomposition,No,USA,NC,Dare,KLC378,
5/16/2023,2023,May,41.314267,-67.152767,"Whale, humpback",Unk,Advanced Decomposition,No,USA,MA,EEZ,NMFSGAR05162023,
5/19/2023,2023,May,40.6262,-73.2341,"Whale, humpback",Male,Moderate Decomposition,Yes,USA,NY,Suffolk,AMCS064Mn2023,
5/26/2023,2023,May,41.063,-71.432467,"Whale, humpback",Male,Moderate Decomposition,No,USA,MA,EEZ,NMFSGAR05262023Mn,
5/31/2023,2023,May,40.86304,-72.17364,"Whale, humpback",Male,Moderate Decomposition,No,USA,NY,EEZ,AMCS068Mn2023,
5/31/2023,2023,May,40.500267,-74.128563,"Whale, humpback",Male,Moderate Decomposition,Yes,USA,NY,Richmond,AMCS069Mn2023,
5/31/2023,2023,Jun,40.70022,-67.96268,"Whale, humpback",Unk,Advanced Decomposition,No,USA,MA,EEZ,NMFSGAR05312023Mn,
6/11/2023,2023,Jun,41.22,-70.41,"Whale, humpback",Unk,Advanced Decomposition,No,USA,MA,EEZ,NMFSGAR06112023Mn,
6/12/2023,2023,Jun,41.351997,-70.534636,"Whale, humpback",Male,Advanced Decomposition,No,USA,MA,Dukes,NMFSGAR06122023Mn,
6/14/2023,2023,Jun,41.02,-69.943,"Whale, humpback",Unk,Unknown,No,USA,MA,Nantucket,NMFSGAR06142023Mn,
6/26/2023,2023,Jun,40.58318,-73.70245,"Whale, humpback",Unk,Advanced Decomposition,No,USA,NY,Nassau,AMCS081Mn2023,
7/22/2023,2023,Jul,41.711131,-70.643919,"Whale, humpback",Female,Moderate Decomposition,Yes,USA,MA,Barnstable,IFAW23-215Mn,
7/31/2023,2023,Jul,44.173367,-67.330733,"Whale, humpback",Unk,Advanced Decomposition,No,USA,ME,EEZ,COA230731Mn,
8/11/2023,2023,Aug,40.7450275,-72.8234443,"Whale, humpback",Male,Moderate Decomposition,Yes,USA,NY,Suffolk,AMCS117Mn2023,
8/12/2023,2023,Aug,40.2446,-73.9562,"Whale, humpback",Male,Moderate Decomposition,Yes,USA,NJ,Monmouth,AMCS119Mn2023_MMSC-23-125,
8/14/2023,2023,Aug,40.571167,-73.740333,"Whale, humpback",Male,Moderate Decomposition,Yes,USA,NY,Nassau,AMCS120Mn2023,
8/25/2023,2023,Aug,40.5946584,-73.7464155,"Whale, humpback",Female,Moderate Decomposition,Yes,USA,NY,Queens,AMCS124Mn2023,
9/13/2023,2023,Sep,41.148126,-71.587524,"Whale, humpback",Unk,Advanced Decomposition,No,USA,RI,Washington,SUMn2367,
10/30/2023,2023,Oct,40.4166667,-72.33333333,"Whale, humpback",Unk,Moderate Decomposition,No,USA,NY,EEZ,AMCS153Mn2023,
11/7/2023,2023,Nov,35.349046,-75.491579,"Whale, humpback",Unk,Moderate Decomposition,No,USA,NC,Dare,NCUR20231107,
11/7/2023,2023,Nov,40.2901,-73.2578,"Whale, humpback",Unk,Unknown,No,USA,NY,EEZ,AMCS154Mn2023,
